2026-07-29 10:06:25.950  INFO 17216 --- [main] d.s.b.c.e.WelcomeLogoApplicationListener : 

 :: Dubbo Spring Boot (v2.7.3) : https://github.com/apache/dubbo-spring-boot-project
 :: Dubbo (v2.7.3) : https://github.com/apache/incubator-dubbo
 :: Discuss group : dev@dubbo.apache.org

2026-07-29 10:06:25.963  INFO 17216 --- [main] e.OverrideDubboConfigApplicationListener : Dubbo Config was overridden by externalized configuration {dubbo.application.name=kano-project-provider, dubbo.application.qos-enable=false, dubbo.config.multiple=true, dubbo.protocol.threadpool=fixed, dubbo.protocol.threads=64, dubbo.provider.timeout=50000, dubbo.registry.address=zookeeper://101.132.187.120:2181}
2026-07-29 10:06:26.079  INFO 17216 --- [main] dubboImplTest.AiServiceTest              : Starting AiServiceTest on KanoLap with PID 17216 (started by 51227 in D:\javaProgram\KanoProject\kano-project-parent\kano-project-provider\kano-project-provider-provider)
2026-07-29 10:06:26.080  INFO 17216 --- [main] dubboImplTest.AiServiceTest              : No active profile set, falling back to default profiles: default
2026-07-29 10:06:26.494  INFO 17216 --- [main] .a.d.c.s.c.a.DubboConfigBindingRegistrar : The dubbo config bean definition [name : org.apache.dubbo.config.ApplicationConfig#0, class : org.apache.dubbo.config.ApplicationConfig] has been registered.
2026-07-29 10:06:26.494  INFO 17216 --- [main] .a.d.c.s.c.a.DubboConfigBindingRegistrar : The BeanPostProcessor bean definition [org.apache.dubbo.config.spring.beans.factory.annotation.DubboConfigBindingBeanPostProcessor] for dubbo config bean [name : org.apache.dubbo.config.ApplicationConfig#0] has been registered.
2026-07-29 10:06:26.495  INFO 17216 --- [main] .a.d.c.s.c.a.DubboConfigBindingRegistrar : The dubbo config bean definition [name : org.apache.dubbo.config.RegistryConfig#0, class : org.apache.dubbo.config.RegistryConfig] has been registered.
2026-07-29 10:06:26.495  INFO 17216 --- [main] .a.d.c.s.c.a.DubboConfigBindingRegistrar : The BeanPostProcessor bean definition [org.apache.dubbo.config.spring.beans.factory.annotation.DubboConfigBindingBeanPostProcessor] for dubbo config bean [name : org.apache.dubbo.config.RegistryConfig#0] has been registered.
2026-07-29 10:06:26.495  INFO 17216 --- [main] .a.d.c.s.c.a.DubboConfigBindingRegistrar : The dubbo config bean definition [name : org.apache.dubbo.config.ProtocolConfig#0, class : org.apache.dubbo.config.ProtocolConfig] has been registered.
2026-07-29 10:06:26.495  INFO 17216 --- [main] .a.d.c.s.c.a.DubboConfigBindingRegistrar : The BeanPostProcessor bean definition [org.apache.dubbo.config.spring.beans.factory.annotation.DubboConfigBindingBeanPostProcessor] for dubbo config bean [name : org.apache.dubbo.config.ProtocolConfig#0] has been registered.
2026-07-29 10:06:26.495  INFO 17216 --- [main] .a.d.c.s.c.a.DubboConfigBindingRegistrar : The dubbo config bean definition [name : org.apache.dubbo.config.ProviderConfig#0, class : org.apache.dubbo.config.ProviderConfig] has been registered.
2026-07-29 10:06:26.495  INFO 17216 --- [main] .a.d.c.s.c.a.DubboConfigBindingRegistrar : The BeanPostProcessor bean definition [org.apache.dubbo.config.spring.beans.factory.annotation.DubboConfigBindingBeanPostProcessor] for dubbo config bean [name : org.apache.dubbo.config.ProviderConfig#0] has been registered.
2026-07-29 10:06:26.527  INFO 17216 --- [main] .s.d.r.c.RepositoryConfigurationDelegate : Multiple Spring Data modules found, entering strict repository configuration mode!
2026-07-29 10:06:26.529  INFO 17216 --- [main] .s.d.r.c.RepositoryConfigurationDelegate : Bootstrapping Spring Data Redis repositories in DEFAULT mode.
2026-07-29 10:06:26.557  INFO 17216 --- [main] .s.d.r.c.RepositoryConfigurationDelegate : Finished Spring Data repository scanning in 14ms. Found 0 Redis repository interfaces.
2026-07-29 10:06:26.820  INFO 17216 --- [main] ptablePropertiesBeanFactoryPostProcessor : Post-processing PropertySource instances
2026-07-29 10:06:26.865  INFO 17216 --- [main] c.u.j.EncryptablePropertySourceConverter : Converting PropertySource configurationProperties [org.springframework.boot.context.properties.source.ConfigurationPropertySourcesPropertySource] to AOP Proxy
2026-07-29 10:06:26.866  INFO 17216 --- [main] c.u.j.EncryptablePropertySourceConverter : Converting PropertySource Inlined Test Properties [org.springframework.core.env.MapPropertySource] to EncryptableMapPropertySourceWrapper
2026-07-29 10:06:26.866  INFO 17216 --- [main] c.u.j.EncryptablePropertySourceConverter : Converting PropertySource systemProperties [org.springframework.core.env.PropertiesPropertySource] to EncryptableMapPropertySourceWrapper
2026-07-29 10:06:26.866  INFO 17216 --- [main] c.u.j.EncryptablePropertySourceConverter : Converting PropertySource systemEnvironment [org.springframework.boot.env.SystemEnvironmentPropertySourceEnvironmentPostProcessor$OriginAwareSystemEnvironmentPropertySource] to EncryptableMapPropertySourceWrapper
2026-07-29 10:06:26.866  INFO 17216 --- [main] c.u.j.EncryptablePropertySourceConverter : Converting PropertySource random [org.springframework.boot.env.RandomValuePropertySource] to EncryptablePropertySourceWrapper
2026-07-29 10:06:26.866  INFO 17216 --- [main] c.u.j.EncryptablePropertySourceConverter : Converting PropertySource applicationConfig: [classpath:/application.properties] [org.springframework.boot.env.OriginTrackedMapPropertySource] to EncryptableMapPropertySourceWrapper
2026-07-29 10:06:26.866  INFO 17216 --- [main] c.u.j.EncryptablePropertySourceConverter : Converting PropertySource defaultProperties [org.springframework.core.env.MapPropertySource] to EncryptableMapPropertySourceWrapper
2026-07-29 10:06:26.889  INFO 17216 --- [main] c.u.j.filter.DefaultLazyPropertyFilter   : Property Filter custom Bean not found with name 'encryptablePropertyFilter'. Initializing Default Property Filter
2026-07-29 10:06:26.920  INFO 17216 --- [main] trationDelegate$BeanPostProcessorChecker : Bean 'org.apache.dubbo.spring.boot.autoconfigure.DubboRelaxedBinding2AutoConfiguration' of type [org.apache.dubbo.spring.boot.autoconfigure.DubboRelaxedBinding2AutoConfiguration$$EnhancerBySpringCGLIB$$114589e9] is not eligible for getting processed by all BeanPostProcessors (for example: not eligible for auto-proxying)
2026-07-29 10:06:27.013  INFO 17216 --- [main] trationDelegate$BeanPostProcessorChecker : Bean 'relaxedDubboConfigBinder' of type [org.apache.dubbo.spring.boot.autoconfigure.BinderDubboConfigBinder] is not eligible for getting processed by all BeanPostProcessors (for example: not eligible for auto-proxying)
2026-07-29 10:06:27.017  INFO 17216 --- [main] trationDelegate$BeanPostProcessorChecker : Bean 'relaxedDubboConfigBinder' of type [org.apache.dubbo.spring.boot.autoconfigure.BinderDubboConfigBinder] is not eligible for getting processed by all BeanPostProcessors (for example: not eligible for auto-proxying)
2026-07-29 10:06:27.018  INFO 17216 --- [main] trationDelegate$BeanPostProcessorChecker : Bean 'relaxedDubboConfigBinder' of type [org.apache.dubbo.spring.boot.autoconfigure.BinderDubboConfigBinder] is not eligible for getting processed by all BeanPostProcessors (for example: not eligible for auto-proxying)
2026-07-29 10:06:27.019  INFO 17216 --- [main] trationDelegate$BeanPostProcessorChecker : Bean 'relaxedDubboConfigBinder' of type [org.apache.dubbo.spring.boot.autoconfigure.BinderDubboConfigBinder] is not eligible for getting processed by all BeanPostProcessors (for example: not eligible for auto-proxying)
2026-07-29 10:06:27.030  INFO 17216 --- [main] c.u.j.r.DefaultLazyPropertyResolver      : Property Resolver custom Bean not found with name 'encryptablePropertyResolver'. Initializing Default Property Resolver
2026-07-29 10:06:27.032  INFO 17216 --- [main] c.u.j.d.DefaultLazyPropertyDetector      : Property Detector custom Bean not found with name 'encryptablePropertyDetector'. Initializing Default Property Detector
2026-07-29 10:06:27.158  INFO 17216 --- [main] c.a.d.s.b.a.DruidDataSourceAutoConfigure : Init DruidDataSource
2026-07-29 10:06:27.254  INFO 17216 --- [main] com.alibaba.druid.pool.DruidDataSource   : {dataSource-1} inited
2026-07-29 10:06:28.461  INFO 17216 --- [main] c.g.d.core.DozerBeanMapperBuilder        : Initializing Dozer. Version: 6.5.0, Thread Name: main
2026-07-29 10:06:28.462  INFO 17216 --- [main] c.g.dozermapper.core.util.RuntimeUtils   : OSGi support is false
2026-07-29 10:06:28.466  INFO 17216 --- [main] d.c.c.r.LegacyPropertiesSettingsResolver : Trying to find Dozer configuration file: dozer.properties
2026-07-29 10:06:28.469  INFO 17216 --- [main] d.c.c.r.LegacyPropertiesSettingsResolver : Failed to find dozer.properties via com.github.dozermapper.core.config.resolvers.LegacyPropertiesSettingsResolver.
2026-07-29 10:06:28.472  INFO 17216 --- [main] c.g.d.core.el.ELExpressionFactory        : javax.el support is true
2026-07-29 10:06:28.652  INFO 17216 --- [main] .f.a.DubboConfigBindingBeanPostProcessor : The properties of bean [name : org.apache.dubbo.config.ApplicationConfig#0] have been binding by prefix of configuration properties : dubbo.application
2026-07-29 10:06:28.657  INFO 17216 --- [main] .f.a.DubboConfigBindingBeanPostProcessor : The properties of bean [name : org.apache.dubbo.config.RegistryConfig#0] have been binding by prefix of configuration properties : dubbo.registry
2026-07-29 10:06:28.676  INFO 17216 --- [main] .f.a.DubboConfigBindingBeanPostProcessor : The properties of bean [name : org.apache.dubbo.config.ProtocolConfig#0] have been binding by prefix of configuration properties : dubbo.protocol
2026-07-29 10:06:28.689  INFO 17216 --- [main] .f.a.DubboConfigBindingBeanPostProcessor : The properties of bean [name : org.apache.dubbo.config.ProviderConfig#0] have been binding by prefix of configuration properties : dubbo.provider
2026-07-29 10:06:29.049  INFO 17216 --- [main] org.quartz.impl.StdSchedulerFactory      : Using default implementation for ThreadExecutor
2026-07-29 10:06:29.060  INFO 17216 --- [main] org.quartz.core.SchedulerSignalerImpl    : Initialized Scheduler Signaller of type: class org.quartz.core.SchedulerSignalerImpl
2026-07-29 10:06:29.060  INFO 17216 --- [main] org.quartz.core.QuartzScheduler          : Quartz Scheduler v.2.3.2 created.
2026-07-29 10:06:29.062  INFO 17216 --- [main] org.quartz.simpl.RAMJobStore             : RAMJobStore initialized.
2026-07-29 10:06:29.063  INFO 17216 --- [main] org.quartz.core.QuartzScheduler          : Scheduler meta-data: Quartz Scheduler (v2.3.2) 'quartzScheduler' with instanceId 'NON_CLUSTERED'
  Scheduler class: 'org.quartz.core.QuartzScheduler' - running locally.
  NOT STARTED.
  Currently in standby mode.
  Number of jobs executed: 0
  Using thread pool 'org.quartz.simpl.SimpleThreadPool' - with 10 threads.
  Using job-store 'org.quartz.simpl.RAMJobStore' - which does not support persistence. and is not clustered.

2026-07-29 10:06:29.063  INFO 17216 --- [main] org.quartz.impl.StdSchedulerFactory      : Quartz scheduler 'quartzScheduler' initialized from an externally provided properties instance.
2026-07-29 10:06:29.063  INFO 17216 --- [main] org.quartz.impl.StdSchedulerFactory      : Quartz scheduler version: 2.3.2
2026-07-29 10:06:29.063  INFO 17216 --- [main] org.quartz.core.QuartzScheduler          : JobFactory set to: org.springframework.scheduling.quartz.SpringBeanJobFactory@61aef357
2026-07-29 10:06:29.264  WARN 17216 --- [main] s.c.a.AnnotationConfigApplicationContext : Exception encountered during context initialization - cancelling refresh attempt: org.springframework.beans.factory.BeanCreationException: Error creating bean with name 'ServiceBean:service.AiService': Instantiation of bean failed; nested exception is java.lang.ExceptionInInitializerError
2026-07-29 10:06:29.264  INFO 17216 --- [main] o.s.s.quartz.SchedulerFactoryBean        : Shutting down Quartz Scheduler
2026-07-29 10:06:29.264  INFO 17216 --- [main] org.quartz.core.QuartzScheduler          : Scheduler quartzScheduler_$_NON_CLUSTERED shutting down.
2026-07-29 10:06:29.264  INFO 17216 --- [main] org.quartz.core.QuartzScheduler          : Scheduler quartzScheduler_$_NON_CLUSTERED paused.
2026-07-29 10:06:29.264  INFO 17216 --- [main] org.quartz.core.QuartzScheduler          : Scheduler quartzScheduler_$_NON_CLUSTERED shutdown complete.
2026-07-29 10:06:29.281  INFO 17216 --- [main] com.alibaba.druid.pool.DruidDataSource   : {dataSource-1} closing ...
2026-07-29 10:06:29.283  INFO 17216 --- [main] com.alibaba.druid.pool.DruidDataSource   : {dataSource-1} closed
2026-07-29 10:06:29.283  INFO 17216 --- [main] f.a.ReferenceAnnotationBeanPostProcessor : class org.apache.dubbo.config.spring.beans.factory.annotation.ReferenceAnnotationBeanPostProcessor was destroying!
2026-07-29 10:06:29.289  INFO 17216 --- [main] ConditionEvaluationReportLoggingListener : 

Error starting ApplicationContext. To display the conditions report re-run your application with 'debug' enabled.
2026-07-29 10:06:29.294 ERROR 17216 --- [main] o.s.boot.SpringApplication               : Application run failed

org.springframework.beans.factory.BeanCreationException: Error creating bean with name 'ServiceBean:service.AiService': Instantiation of bean failed; nested exception is java.lang.ExceptionInInitializerError
	at org.springframework.beans.factory.support.AbstractAutowireCapableBeanFactory.instantiateBean(AbstractAutowireCapableBeanFactory.java:1320) ~[spring-beans-5.2.6.RELEASE.jar:5.2.6.RELEASE]
	at org.springframework.beans.factory.support.AbstractAutowireCapableBeanFactory.createBeanInstance(AbstractAutowireCapableBeanFactory.java:1214) ~[spring-beans-5.2.6.RELEASE.jar:5.2.6.RELEASE]
	at org.springframework.beans.factory.support.AbstractAutowireCapableBeanFactory.doCreateBean(AbstractAutowireCapableBeanFactory.java:557) ~[spring-beans-5.2.6.RELEASE.jar:5.2.6.RELEASE]
	at org.springframework.beans.factory.support.AbstractAutowireCapableBeanFactory.createBean(AbstractAutowireCapableBeanFactory.java:517) ~[spring-beans-5.2.6.RELEASE.jar:5.2.6.RELEASE]
	at org.springframework.beans.factory.support.AbstractBeanFactory.lambda$doGetBean$0(AbstractBeanFactory.java:323) ~[spring-beans-5.2.6.RELEASE.jar:5.2.6.RELEASE]
	at org.springframework.beans.factory.support.DefaultSingletonBeanRegistry.getSingleton(DefaultSingletonBeanRegistry.java:226) ~[spring-beans-5.2.6.RELEASE.jar:5.2.6.RELEASE]
	at org.springframework.beans.factory.support.AbstractBeanFactory.doGetBean(AbstractBeanFactory.java:321) ~[spring-beans-5.2.6.RELEASE.jar:5.2.6.RELEASE]
	at org.springframework.beans.factory.support.AbstractBeanFactory.getBean(AbstractBeanFactory.java:202) ~[spring-beans-5.2.6.RELEASE.jar:5.2.6.RELEASE]
	at org.springframework.beans.factory.support.DefaultListableBeanFactory.preInstantiateSingletons(DefaultListableBeanFactory.java:895) ~[spring-beans-5.2.6.RELEASE.jar:5.2.6.RELEASE]
	at org.springframework.context.support.AbstractApplicationContext.finishBeanFactoryInitialization(AbstractApplicationContext.java:878) ~[spring-context-5.2.6.RELEASE.jar:5.2.6.RELEASE]
	at org.springframework.context.support.AbstractApplicationContext.refresh(AbstractApplicationContext.java:550) ~[spring-context-5.2.6.RELEASE.jar:5.2.6.RELEASE]
	at org.springframework.boot.SpringApplication.refresh(SpringApplication.java:758) ~[spring-boot-2.3.0.RELEASE.jar:2.3.0.RELEASE]
	at org.springframework.boot.SpringApplication.refresh(SpringApplication.java:750) ~[spring-boot-2.3.0.RELEASE.jar:2.3.0.RELEASE]
	at org.springframework.boot.SpringApplication.refreshContext(SpringApplication.java:397) ~[spring-boot-2.3.0.RELEASE.jar:2.3.0.RELEASE]
	at org.springframework.boot.SpringApplication.run(SpringApplication.java:315) ~[spring-boot-2.3.0.RELEASE.jar:2.3.0.RELEASE]
	at org.springframework.boot.test.context.SpringBootContextLoader.loadContext(SpringBootContextLoader.java:120) ~[spring-boot-test-2.3.0.RELEASE.jar:2.3.0.RELEASE]
	at org.springframework.test.context.cache.DefaultCacheAwareContextLoaderDelegate.loadContextInternal(DefaultCacheAwareContextLoaderDelegate.java:99) ~[spring-test-5.2.5.RELEASE.jar:5.2.5.RELEASE]
	at org.springframework.test.context.cache.DefaultCacheAwareContextLoaderDelegate.loadContext(DefaultCacheAwareContextLoaderDelegate.java:124) ~[spring-test-5.2.5.RELEASE.jar:5.2.5.RELEASE]
	at org.springframework.test.context.support.DefaultTestContext.getApplicationContext(DefaultTestContext.java:123) ~[spring-test-5.2.5.RELEASE.jar:5.2.5.RELEASE]
	at org.springframework.test.context.support.DependencyInjectionTestExecutionListener.injectDependencies(DependencyInjectionTestExecutionListener.java:118) ~[spring-test-5.2.5.RELEASE.jar:5.2.5.RELEASE]
	at org.springframework.test.context.support.DependencyInjectionTestExecutionListener.prepareTestInstance(DependencyInjectionTestExecutionListener.java:83) ~[spring-test-5.2.5.RELEASE.jar:5.2.5.RELEASE]
	at org.springframework.boot.test.autoconfigure.SpringBootDependencyInjectionTestExecutionListener.prepareTestInstance(SpringBootDependencyInjectionTestExecutionListener.java:43) ~[spring-boot-test-autoconfigure-2.3.0.RELEASE.jar:2.3.0.RELEASE]
	at org.springframework.test.context.TestContextManager.prepareTestInstance(TestContextManager.java:244) ~[spring-test-5.2.5.RELEASE.jar:5.2.5.RELEASE]
	at org.springframework.test.context.junit4.SpringJUnit4ClassRunner.createTest(SpringJUnit4ClassRunner.java:227) ~[spring-test-5.2.5.RELEASE.jar:5.2.5.RELEASE]
	at org.springframework.test.context.junit4.SpringJUnit4ClassRunner$1.runReflectiveCall(SpringJUnit4ClassRunner.java:289) ~[spring-test-5.2.5.RELEASE.jar:5.2.5.RELEASE]
	at org.junit.internal.runners.model.ReflectiveCallable.run(ReflectiveCallable.java:12) ~[junit-4.12.jar:4.12]
	at org.springframework.test.context.junit4.SpringJUnit4ClassRunner.methodBlock(SpringJUnit4ClassRunner.java:291) ~[spring-test-5.2.5.RELEASE.jar:5.2.5.RELEASE]
	at org.springframework.test.context.junit4.SpringJUnit4ClassRunner.runChild(SpringJUnit4ClassRunner.java:246) ~[spring-test-5.2.5.RELEASE.jar:5.2.5.RELEASE]
	at org.springframework.test.context.junit4.SpringJUnit4ClassRunner.runChild(SpringJUnit4ClassRunner.java:97) ~[spring-test-5.2.5.RELEASE.jar:5.2.5.RELEASE]
	at org.junit.runners.ParentRunner$3.run(ParentRunner.java:290) ~[junit-4.12.jar:4.12]
	at org.junit.runners.ParentRunner$1.schedule(ParentRunner.java:71) ~[junit-4.12.jar:4.12]
	at org.junit.runners.ParentRunner.runChildren(ParentRunner.java:288) ~[junit-4.12.jar:4.12]
	at org.junit.runners.ParentRunner.access$000(ParentRunner.java:58) ~[junit-4.12.jar:4.12]
	at org.junit.runners.ParentRunner$2.evaluate(ParentRunner.java:268) ~[junit-4.12.jar:4.12]
	at org.springframework.test.context.junit4.statements.RunBeforeTestClassCallbacks.evaluate(RunBeforeTestClassCallbacks.java:61) ~[spring-test-5.2.5.RELEASE.jar:5.2.5.RELEASE]
	at org.springframework.test.context.junit4.statements.RunAfterTestClassCallbacks.evaluate(RunAfterTestClassCallbacks.java:70) ~[spring-test-5.2.5.RELEASE.jar:5.2.5.RELEASE]
	at org.junit.runners.ParentRunner.run(ParentRunner.java:363) ~[junit-4.12.jar:4.12]
	at org.springframework.test.context.junit4.SpringJUnit4ClassRunner.run(SpringJUnit4ClassRunner.java:190) ~[spring-test-5.2.5.RELEASE.jar:5.2.5.RELEASE]
	at org.junit.runner.JUnitCore.run(JUnitCore.java:137) ~[junit-4.12.jar:4.12]
	at com.intellij.junit4.JUnit4IdeaTestRunner.startRunnerWithArgs(JUnit4IdeaTestRunner.java:69) ~[junit-rt.jar:na]
	at com.intellij.rt.junit.IdeaTestRunner$Repeater$1.execute(IdeaTestRunner.java:38) ~[junit-rt.jar:na]
	at com.intellij.rt.execution.junit.TestsRepeater.repeat(TestsRepeater.java:11) ~[idea_rt.jar:na]
	at com.intellij.rt.junit.IdeaTestRunner$Repeater.startRunnerWithArgs(IdeaTestRunner.java:35) ~[junit-rt.jar:na]
	at com.intellij.rt.junit.JUnitStarter.prepareStreamsAndStart(JUnitStarter.java:232) ~[junit-rt.jar:na]
	at com.intellij.rt.junit.JUnitStarter.main(JUnitStarter.java:55) ~[junit-rt.jar:na]
Caused by: java.lang.ExceptionInInitializerError: null
	at java.base/jdk.internal.reflect.NativeConstructorAccessorImpl.newInstance0(Native Method) ~[na:na]
	at java.base/jdk.internal.reflect.NativeConstructorAccessorImpl.newInstance(NativeConstructorAccessorImpl.java:77) ~[na:na]
	at java.base/jdk.internal.reflect.DelegatingConstructorAccessorImpl.newInstance(DelegatingConstructorAccessorImpl.java:45) ~[na:na]
	at java.base/java.lang.reflect.Constructor.newInstanceWithCaller(Constructor.java:499) ~[na:na]
	at java.base/java.lang.reflect.Constructor.newInstance(Constructor.java:480) ~[na:na]
	at org.springframework.beans.BeanUtils.instantiateClass(BeanUtils.java:204) ~[spring-beans-5.2.6.RELEASE.jar:5.2.6.RELEASE]
	at org.springframework.beans.factory.support.SimpleInstantiationStrategy.instantiate(SimpleInstantiationStrategy.java:87) ~[spring-beans-5.2.6.RELEASE.jar:5.2.6.RELEASE]
	at org.springframework.beans.factory.support.AbstractAutowireCapableBeanFactory.instantiateBean(AbstractAutowireCapableBeanFactory.java:1312) ~[spring-beans-5.2.6.RELEASE.jar:5.2.6.RELEASE]
	... 44 common frames omitted
Caused by: java.lang.IllegalStateException: Failed to create adaptive instance: java.lang.IllegalStateException: Can't create adaptive extension interface org.apache.dubbo.rpc.Protocol, cause: Unable to make protected final java.lang.Class java.lang.ClassLoader.defineClass(java.lang.String,byte[],int,int,java.security.ProtectionDomain) throws java.lang.ClassFormatError accessible: module java.base does not "opens java.lang" to unnamed module @61ca4046
	at org.apache.dubbo.common.extension.ExtensionLoader.getAdaptiveExtension(ExtensionLoader.java:486) ~[dubbo-2.7.3.jar:2.7.3]
	at org.apache.dubbo.config.ServiceConfig.<clinit>(ServiceConfig.java:119) ~[dubbo-2.7.3.jar:2.7.3]
	... 52 common frames omitted
Caused by: java.lang.IllegalStateException: Can't create adaptive extension interface org.apache.dubbo.rpc.Protocol, cause: Unable to make protected final java.lang.Class java.lang.ClassLoader.defineClass(java.lang.String,byte[],int,int,java.security.ProtectionDomain) throws java.lang.ClassFormatError accessible: module java.base does not "opens java.lang" to unnamed module @61ca4046
	at org.apache.dubbo.common.extension.ExtensionLoader.createAdaptiveExtension(ExtensionLoader.java:847) ~[dubbo-2.7.3.jar:2.7.3]
	at org.apache.dubbo.common.extension.ExtensionLoader.getAdaptiveExtension(ExtensionLoader.java:482) ~[dubbo-2.7.3.jar:2.7.3]
	... 53 common frames omitted
Caused by: java.lang.reflect.InaccessibleObjectException: Unable to make protected final java.lang.Class java.lang.ClassLoader.defineClass(java.lang.String,byte[],int,int,java.security.ProtectionDomain) throws java.lang.ClassFormatError accessible: module java.base does not "opens java.lang" to unnamed module @61ca4046
	at java.base/java.lang.reflect.AccessibleObject.checkCanSetAccessible(AccessibleObject.java:354) ~[na:na]
	at java.base/java.lang.reflect.AccessibleObject.checkCanSetAccessible(AccessibleObject.java:297) ~[na:na]
	at java.base/java.lang.reflect.Method.checkCanSetAccessible(Method.java:199) ~[na:na]
	at java.base/java.lang.reflect.Method.setAccessible(Method.java:193) ~[na:na]
	at javassist.ClassPool.toClass2(ClassPool.java:1181) ~[javassist-3.20.0-GA.jar:na]
	at javassist.ClassPool.toClass(ClassPool.java:1164) ~[javassist-3.20.0-GA.jar:na]
	at javassist.CtClass.toClass(CtClass.java:1305) ~[javassist-3.20.0-GA.jar:na]
	at org.apache.dubbo.common.compiler.support.JavassistCompiler.doCompile(JavassistCompiler.java:82) ~[dubbo-2.7.3.jar:2.7.3]
	at org.apache.dubbo.common.compiler.support.AbstractCompiler.compile(AbstractCompiler.java:58) ~[dubbo-2.7.3.jar:2.7.3]
	at org.apache.dubbo.common.compiler.support.AdaptiveCompiler.compile(AdaptiveCompiler.java:45) ~[dubbo-2.7.3.jar:2.7.3]
	at org.apache.dubbo.common.extension.ExtensionLoader.createAdaptiveExtensionClass(ExtensionLoader.java:863) ~[dubbo-2.7.3.jar:2.7.3]
	at org.apache.dubbo.common.extension.ExtensionLoader.getAdaptiveExtensionClass(ExtensionLoader.java:856) ~[dubbo-2.7.3.jar:2.7.3]
	at org.apache.dubbo.common.extension.ExtensionLoader.createAdaptiveExtension(ExtensionLoader.java:845) ~[dubbo-2.7.3.jar:2.7.3]
	... 54 common frames omitted

2026-07-29 10:06:29.313  INFO 17216 --- [main] e.OverrideDubboConfigApplicationListener : Dubbo Config was overridden by externalized configuration {dubbo.application.name=kano-project-provider, dubbo.application.qos-enable=false, dubbo.config.multiple=true, dubbo.protocol.threadpool=fixed, dubbo.protocol.threads=64, dubbo.provider.timeout=50000, dubbo.registry.address=zookeeper://101.132.187.120:2181}
2026-07-29 10:06:29.321  INFO 17216 --- [main] dubboImplTest.AiServiceTest              : Starting AiServiceTest on KanoLap with PID 17216 (started by 51227 in D:\javaProgram\KanoProject\kano-project-parent\kano-project-provider\kano-project-provider-provider)
2026-07-29 10:06:29.321  INFO 17216 --- [main] dubboImplTest.AiServiceTest              : No active profile set, falling back to default profiles: default
2026-07-29 10:06:29.464  INFO 17216 --- [main] .a.d.c.s.c.a.DubboConfigBindingRegistrar : The dubbo config bean definition [name : org.apache.dubbo.config.ApplicationConfig#0, class : org.apache.dubbo.config.ApplicationConfig] has been registered.
2026-07-29 10:06:29.464  INFO 17216 --- [main] .a.d.c.s.c.a.DubboConfigBindingRegistrar : The BeanPostProcessor bean definition [org.apache.dubbo.config.spring.beans.factory.annotation.DubboConfigBindingBeanPostProcessor] for dubbo config bean [name : org.apache.dubbo.config.ApplicationConfig#0] has been registered.
2026-07-29 10:06:29.464  INFO 17216 --- [main] .a.d.c.s.c.a.DubboConfigBindingRegistrar : The dubbo config bean definition [name : org.apache.dubbo.config.RegistryConfig#0, class : org.apache.dubbo.config.RegistryConfig] has been registered.
2026-07-29 10:06:29.464  INFO 17216 --- [main] .a.d.c.s.c.a.DubboConfigBindingRegistrar : The BeanPostProcessor bean definition [org.apache.dubbo.config.spring.beans.factory.annotation.DubboConfigBindingBeanPostProcessor] for dubbo config bean [name : org.apache.dubbo.config.RegistryConfig#0] has been registered.
2026-07-29 10:06:29.464  INFO 17216 --- [main] .a.d.c.s.c.a.DubboConfigBindingRegistrar : The dubbo config bean definition [name : org.apache.dubbo.config.ProtocolConfig#0, class : org.apache.dubbo.config.ProtocolConfig] has been registered.
2026-07-29 10:06:29.464  INFO 17216 --- [main] .a.d.c.s.c.a.DubboConfigBindingRegistrar : The BeanPostProcessor bean definition [org.apache.dubbo.config.spring.beans.factory.annotation.DubboConfigBindingBeanPostProcessor] for dubbo config bean [name : org.apache.dubbo.config.ProtocolConfig#0] has been registered.
2026-07-29 10:06:29.464  INFO 17216 --- [main] .a.d.c.s.c.a.DubboConfigBindingRegistrar : The dubbo config bean definition [name : org.apache.dubbo.config.ProviderConfig#0, class : org.apache.dubbo.config.ProviderConfig] has been registered.
2026-07-29 10:06:29.464  INFO 17216 --- [main] .a.d.c.s.c.a.DubboConfigBindingRegistrar : The BeanPostProcessor bean definition [org.apache.dubbo.config.spring.beans.factory.annotation.DubboConfigBindingBeanPostProcessor] for dubbo config bean [name : org.apache.dubbo.config.ProviderConfig#0] has been registered.
2026-07-29 10:06:29.470  INFO 17216 --- [main] .s.d.r.c.RepositoryConfigurationDelegate : Multiple Spring Data modules found, entering strict repository configuration mode!
2026-07-29 10:06:29.470  INFO 17216 --- [main] .s.d.r.c.RepositoryConfigurationDelegate : Bootstrapping Spring Data Redis repositories in DEFAULT mode.
2026-07-29 10:06:29.479  INFO 17216 --- [main] .s.d.r.c.RepositoryConfigurationDelegate : Finished Spring Data repository scanning in 8ms. Found 0 Redis repository interfaces.
2026-07-29 10:06:29.538  INFO 17216 --- [main] ptablePropertiesBeanFactoryPostProcessor : Post-processing PropertySource instances
2026-07-29 10:06:29.547  INFO 17216 --- [main] c.u.j.EncryptablePropertySourceConverter : Converting PropertySource configurationProperties [org.springframework.boot.context.properties.source.ConfigurationPropertySourcesPropertySource] to AOP Proxy
2026-07-29 10:06:29.548  INFO 17216 --- [main] c.u.j.EncryptablePropertySourceConverter : Converting PropertySource Inlined Test Properties [org.springframework.core.env.MapPropertySource] to EncryptableMapPropertySourceWrapper
2026-07-29 10:06:29.548  INFO 17216 --- [main] c.u.j.EncryptablePropertySourceConverter : Converting PropertySource systemProperties [org.springframework.core.env.PropertiesPropertySource] to EncryptableMapPropertySourceWrapper
2026-07-29 10:06:29.548  INFO 17216 --- [main] c.u.j.EncryptablePropertySourceConverter : Converting PropertySource systemEnvironment [org.springframework.boot.env.SystemEnvironmentPropertySourceEnvironmentPostProcessor$OriginAwareSystemEnvironmentPropertySource] to EncryptableMapPropertySourceWrapper
2026-07-29 10:06:29.548  INFO 17216 --- [main] c.u.j.EncryptablePropertySourceConverter : Converting PropertySource random [org.springframework.boot.env.RandomValuePropertySource] to EncryptablePropertySourceWrapper
2026-07-29 10:06:29.548  INFO 17216 --- [main] c.u.j.EncryptablePropertySourceConverter : Converting PropertySource applicationConfig: [classpath:/application.properties] [org.springframework.boot.env.OriginTrackedMapPropertySource] to EncryptableMapPropertySourceWrapper
2026-07-29 10:06:29.548  INFO 17216 --- [main] c.u.j.EncryptablePropertySourceConverter : Converting PropertySource defaultProperties [org.springframework.core.env.MapPropertySource] to EncryptableMapPropertySourceWrapper
2026-07-29 10:06:29.556  INFO 17216 --- [main] c.u.j.filter.DefaultLazyPropertyFilter   : Property Filter custom Bean not found with name 'encryptablePropertyFilter'. Initializing Default Property Filter
2026-07-29 10:06:29.586  INFO 17216 --- [main] trationDelegate$BeanPostProcessorChecker : Bean 'org.apache.dubbo.spring.boot.autoconfigure.DubboRelaxedBinding2AutoConfiguration' of type [org.apache.dubbo.spring.boot.autoconfigure.DubboRelaxedBinding2AutoConfiguration$$EnhancerBySpringCGLIB$$114589e9] is not eligible for getting processed by all BeanPostProcessors (for example: not eligible for auto-proxying)
2026-07-29 10:06:29.603  INFO 17216 --- [main] trationDelegate$BeanPostProcessorChecker : Bean 'relaxedDubboConfigBinder' of type [org.apache.dubbo.spring.boot.autoconfigure.BinderDubboConfigBinder] is not eligible for getting processed by all BeanPostProcessors (for example: not eligible for auto-proxying)
2026-07-29 10:06:29.606  INFO 17216 --- [main] trationDelegate$BeanPostProcessorChecker : Bean 'relaxedDubboConfigBinder' of type [org.apache.dubbo.spring.boot.autoconfigure.BinderDubboConfigBinder] is not eligible for getting processed by all BeanPostProcessors (for example: not eligible for auto-proxying)
2026-07-29 10:06:29.607  INFO 17216 --- [main] trationDelegate$BeanPostProcessorChecker : Bean 'relaxedDubboConfigBinder' of type [org.apache.dubbo.spring.boot.autoconfigure.BinderDubboConfigBinder] is not eligible for getting processed by all BeanPostProcessors (for example: not eligible for auto-proxying)
2026-07-29 10:06:29.608  INFO 17216 --- [main] trationDelegate$BeanPostProcessorChecker : Bean 'relaxedDubboConfigBinder' of type [org.apache.dubbo.spring.boot.autoconfigure.BinderDubboConfigBinder] is not eligible for getting processed by all BeanPostProcessors (for example: not eligible for auto-proxying)
2026-07-29 10:06:29.615  INFO 17216 --- [main] c.u.j.r.DefaultLazyPropertyResolver      : Property Resolver custom Bean not found with name 'encryptablePropertyResolver'. Initializing Default Property Resolver
2026-07-29 10:06:29.615  INFO 17216 --- [main] c.u.j.d.DefaultLazyPropertyDetector      : Property Detector custom Bean not found with name 'encryptablePropertyDetector'. Initializing Default Property Detector
2026-07-29 10:06:29.651  INFO 17216 --- [main] c.a.d.s.b.a.DruidDataSourceAutoConfigure : Init DruidDataSource
2026-07-29 10:06:29.672  INFO 17216 --- [main] com.alibaba.druid.pool.DruidDataSource   : {dataSource-2} inited
2026-07-29 10:06:30.046  INFO 17216 --- [main] c.g.d.core.DozerBeanMapperBuilder        : Initializing Dozer. Version: 6.5.0, Thread Name: main
2026-07-29 10:06:30.048  INFO 17216 --- [main] d.c.c.r.LegacyPropertiesSettingsResolver : Trying to find Dozer configuration file: dozer.properties
2026-07-29 10:06:30.048  INFO 17216 --- [main] d.c.c.r.LegacyPropertiesSettingsResolver : Failed to find dozer.properties via com.github.dozermapper.core.config.resolvers.LegacyPropertiesSettingsResolver.
2026-07-29 10:06:30.069  INFO 17216 --- [main] .f.a.DubboConfigBindingBeanPostProcessor : The properties of bean [name : org.apache.dubbo.config.ApplicationConfig#0] have been binding by prefix of configuration properties : dubbo.application
2026-07-29 10:06:30.072  INFO 17216 --- [main] .f.a.DubboConfigBindingBeanPostProcessor : The properties of bean [name : org.apache.dubbo.config.RegistryConfig#0] have been binding by prefix of configuration properties : dubbo.registry
2026-07-29 10:06:30.076  INFO 17216 --- [main] .f.a.DubboConfigBindingBeanPostProcessor : The properties of bean [name : org.apache.dubbo.config.ProtocolConfig#0] have been binding by prefix of configuration properties : dubbo.protocol
2026-07-29 10:06:30.085  INFO 17216 --- [main] .f.a.DubboConfigBindingBeanPostProcessor : The properties of bean [name : org.apache.dubbo.config.ProviderConfig#0] have been binding by prefix of configuration properties : dubbo.provider
2026-07-29 10:06:30.211  INFO 17216 --- [main] org.quartz.impl.StdSchedulerFactory      : Using default implementation for ThreadExecutor
2026-07-29 10:06:30.211  INFO 17216 --- [main] org.quartz.core.SchedulerSignalerImpl    : Initialized Scheduler Signaller of type: class org.quartz.core.SchedulerSignalerImpl
2026-07-29 10:06:30.211  INFO 17216 --- [main] org.quartz.core.QuartzScheduler          : Quartz Scheduler v.2.3.2 created.
2026-07-29 10:06:30.211  INFO 17216 --- [main] org.quartz.simpl.RAMJobStore             : RAMJobStore initialized.
2026-07-29 10:06:30.211  INFO 17216 --- [main] org.quartz.core.QuartzScheduler          : Scheduler meta-data: Quartz Scheduler (v2.3.2) 'quartzScheduler' with instanceId 'NON_CLUSTERED'
  Scheduler class: 'org.quartz.core.QuartzScheduler' - running locally.
  NOT STARTED.
  Currently in standby mode.
  Number of jobs executed: 0
  Using thread pool 'org.quartz.simpl.SimpleThreadPool' - with 10 threads.
  Using job-store 'org.quartz.simpl.RAMJobStore' - which does not support persistence. and is not clustered.

2026-07-29 10:06:30.212  INFO 17216 --- [main] org.quartz.impl.StdSchedulerFactory      : Quartz scheduler 'quartzScheduler' initialized from an externally provided properties instance.
2026-07-29 10:06:30.212  INFO 17216 --- [main] org.quartz.impl.StdSchedulerFactory      : Quartz scheduler version: 2.3.2
2026-07-29 10:06:30.212  INFO 17216 --- [main] org.quartz.core.QuartzScheduler          : JobFactory set to: org.springframework.scheduling.quartz.SpringBeanJobFactory@6f9462f1
2026-07-29 10:06:30.248  WARN 17216 --- [main] s.c.a.AnnotationConfigApplicationContext : Exception encountered during context initialization - cancelling refresh attempt: org.springframework.beans.factory.BeanCreationException: Error creating bean with name 'ServiceBean:service.AiService': Instantiation of bean failed; nested exception is java.lang.NoClassDefFoundError: Could not initialize class org.apache.dubbo.config.spring.ServiceBean
2026-07-29 10:06:30.248  INFO 17216 --- [main] o.s.s.quartz.SchedulerFactoryBean        : Shutting down Quartz Scheduler
2026-07-29 10:06:30.248  INFO 17216 --- [main] org.quartz.core.QuartzScheduler          : Scheduler quartzScheduler_$_NON_CLUSTERED shutting down.
2026-07-29 10:06:30.248  INFO 17216 --- [main] org.quartz.core.QuartzScheduler          : Scheduler quartzScheduler_$_NON_CLUSTERED paused.
2026-07-29 10:06:30.248  INFO 17216 --- [main] org.quartz.core.QuartzScheduler          : Scheduler quartzScheduler_$_NON_CLUSTERED shutdown complete.
2026-07-29 10:06:30.251  INFO 17216 --- [main] com.alibaba.druid.pool.DruidDataSource   : {dataSource-2} closing ...
2026-07-29 10:06:30.251  INFO 17216 --- [main] com.alibaba.druid.pool.DruidDataSource   : {dataSource-2} closed
2026-07-29 10:06:30.251  INFO 17216 --- [main] f.a.ReferenceAnnotationBeanPostProcessor : class org.apache.dubbo.config.spring.beans.factory.annotation.ReferenceAnnotationBeanPostProcessor was destroying!
2026-07-29 10:06:30.254  INFO 17216 --- [main] ConditionEvaluationReportLoggingListener : 

Error starting ApplicationContext. To display the conditions report re-run your application with 'debug' enabled.
2026-07-29 10:06:30.255 ERROR 17216 --- [main] o.s.boot.SpringApplication               : Application run failed

org.springframework.beans.factory.BeanCreationException: Error creating bean with name 'ServiceBean:service.AiService': Instantiation of bean failed; nested exception is java.lang.NoClassDefFoundError: Could not initialize class org.apache.dubbo.config.spring.ServiceBean
	at org.springframework.beans.factory.support.AbstractAutowireCapableBeanFactory.instantiateBean(AbstractAutowireCapableBeanFactory.java:1320) ~[spring-beans-5.2.6.RELEASE.jar:5.2.6.RELEASE]
	at org.springframework.beans.factory.support.AbstractAutowireCapableBeanFactory.createBeanInstance(AbstractAutowireCapableBeanFactory.java:1214) ~[spring-beans-5.2.6.RELEASE.jar:5.2.6.RELEASE]
	at org.springframework.beans.factory.support.AbstractAutowireCapableBeanFactory.doCreateBean(AbstractAutowireCapableBeanFactory.java:557) ~[spring-beans-5.2.6.RELEASE.jar:5.2.6.RELEASE]
	at org.springframework.beans.factory.support.AbstractAutowireCapableBeanFactory.createBean(AbstractAutowireCapableBeanFactory.java:517) ~[spring-beans-5.2.6.RELEASE.jar:5.2.6.RELEASE]
	at org.springframework.beans.factory.support.AbstractBeanFactory.lambda$doGetBean$0(AbstractBeanFactory.java:323) ~[spring-beans-5.2.6.RELEASE.jar:5.2.6.RELEASE]
	at org.springframework.beans.factory.support.DefaultSingletonBeanRegistry.getSingleton(DefaultSingletonBeanRegistry.java:226) ~[spring-beans-5.2.6.RELEASE.jar:5.2.6.RELEASE]
	at org.springframework.beans.factory.support.AbstractBeanFactory.doGetBean(AbstractBeanFactory.java:321) ~[spring-beans-5.2.6.RELEASE.jar:5.2.6.RELEASE]
	at org.springframework.beans.factory.support.AbstractBeanFactory.getBean(AbstractBeanFactory.java:202) ~[spring-beans-5.2.6.RELEASE.jar:5.2.6.RELEASE]
	at org.springframework.beans.factory.support.DefaultListableBeanFactory.preInstantiateSingletons(DefaultListableBeanFactory.java:895) ~[spring-beans-5.2.6.RELEASE.jar:5.2.6.RELEASE]
	at org.springframework.context.support.AbstractApplicationContext.finishBeanFactoryInitialization(AbstractApplicationContext.java:878) ~[spring-context-5.2.6.RELEASE.jar:5.2.6.RELEASE]
	at org.springframework.context.support.AbstractApplicationContext.refresh(AbstractApplicationContext.java:550) ~[spring-context-5.2.6.RELEASE.jar:5.2.6.RELEASE]
	at org.springframework.boot.SpringApplication.refresh(SpringApplication.java:758) ~[spring-boot-2.3.0.RELEASE.jar:2.3.0.RELEASE]
	at org.springframework.boot.SpringApplication.refresh(SpringApplication.java:750) ~[spring-boot-2.3.0.RELEASE.jar:2.3.0.RELEASE]
	at org.springframework.boot.SpringApplication.refreshContext(SpringApplication.java:397) ~[spring-boot-2.3.0.RELEASE.jar:2.3.0.RELEASE]
	at org.springframework.boot.SpringApplication.run(SpringApplication.java:315) ~[spring-boot-2.3.0.RELEASE.jar:2.3.0.RELEASE]
	at org.springframework.boot.test.context.SpringBootContextLoader.loadContext(SpringBootContextLoader.java:120) ~[spring-boot-test-2.3.0.RELEASE.jar:2.3.0.RELEASE]
	at org.springframework.test.context.cache.DefaultCacheAwareContextLoaderDelegate.loadContextInternal(DefaultCacheAwareContextLoaderDelegate.java:99) ~[spring-test-5.2.5.RELEASE.jar:5.2.5.RELEASE]
	at org.springframework.test.context.cache.DefaultCacheAwareContextLoaderDelegate.loadContext(DefaultCacheAwareContextLoaderDelegate.java:124) ~[spring-test-5.2.5.RELEASE.jar:5.2.5.RELEASE]
	at org.springframework.test.context.support.DefaultTestContext.getApplicationContext(DefaultTestContext.java:123) ~[spring-test-5.2.5.RELEASE.jar:5.2.5.RELEASE]
	at org.springframework.boot.test.autoconfigure.SpringBootDependencyInjectionTestExecutionListener.outputConditionEvaluationReport(SpringBootDependencyInjectionTestExecutionListener.java:53) ~[spring-boot-test-autoconfigure-2.3.0.RELEASE.jar:2.3.0.RELEASE]
	at org.springframework.boot.test.autoconfigure.SpringBootDependencyInjectionTestExecutionListener.prepareTestInstance(SpringBootDependencyInjectionTestExecutionListener.java:46) ~[spring-boot-test-autoconfigure-2.3.0.RELEASE.jar:2.3.0.RELEASE]
	at org.springframework.test.context.TestContextManager.prepareTestInstance(TestContextManager.java:244) ~[spring-test-5.2.5.RELEASE.jar:5.2.5.RELEASE]
	at org.springframework.test.context.junit4.SpringJUnit4ClassRunner.createTest(SpringJUnit4ClassRunner.java:227) ~[spring-test-5.2.5.RELEASE.jar:5.2.5.RELEASE]
	at org.springframework.test.context.junit4.SpringJUnit4ClassRunner$1.runReflectiveCall(SpringJUnit4ClassRunner.java:289) ~[spring-test-5.2.5.RELEASE.jar:5.2.5.RELEASE]
	at org.junit.internal.runners.model.ReflectiveCallable.run(ReflectiveCallable.java:12) ~[junit-4.12.jar:4.12]
	at org.springframework.test.context.junit4.SpringJUnit4ClassRunner.methodBlock(SpringJUnit4ClassRunner.java:291) ~[spring-test-5.2.5.RELEASE.jar:5.2.5.RELEASE]
	at org.springframework.test.context.junit4.SpringJUnit4ClassRunner.runChild(SpringJUnit4ClassRunner.java:246) ~[spring-test-5.2.5.RELEASE.jar:5.2.5.RELEASE]
	at org.springframework.test.context.junit4.SpringJUnit4ClassRunner.runChild(SpringJUnit4ClassRunner.java:97) ~[spring-test-5.2.5.RELEASE.jar:5.2.5.RELEASE]
	at org.junit.runners.ParentRunner$3.run(ParentRunner.java:290) ~[junit-4.12.jar:4.12]
	at org.junit.runners.ParentRunner$1.schedule(ParentRunner.java:71) ~[junit-4.12.jar:4.12]
	at org.junit.runners.ParentRunner.runChildren(ParentRunner.java:288) ~[junit-4.12.jar:4.12]
	at org.junit.runners.ParentRunner.access$000(ParentRunner.java:58) ~[junit-4.12.jar:4.12]
	at org.junit.runners.ParentRunner$2.evaluate(ParentRunner.java:268) ~[junit-4.12.jar:4.12]
	at org.springframework.test.context.junit4.statements.RunBeforeTestClassCallbacks.evaluate(RunBeforeTestClassCallbacks.java:61) ~[spring-test-5.2.5.RELEASE.jar:5.2.5.RELEASE]
	at org.springframework.test.context.junit4.statements.RunAfterTestClassCallbacks.evaluate(RunAfterTestClassCallbacks.java:70) ~[spring-test-5.2.5.RELEASE.jar:5.2.5.RELEASE]
	at org.junit.runners.ParentRunner.run(ParentRunner.java:363) ~[junit-4.12.jar:4.12]
	at org.springframework.test.context.junit4.SpringJUnit4ClassRunner.run(SpringJUnit4ClassRunner.java:190) ~[spring-test-5.2.5.RELEASE.jar:5.2.5.RELEASE]
	at org.junit.runner.JUnitCore.run(JUnitCore.java:137) ~[junit-4.12.jar:4.12]
	at com.intellij.junit4.JUnit4IdeaTestRunner.startRunnerWithArgs(JUnit4IdeaTestRunner.java:69) ~[junit-rt.jar:na]
	at com.intellij.rt.junit.IdeaTestRunner$Repeater$1.execute(IdeaTestRunner.java:38) ~[junit-rt.jar:na]
	at com.intellij.rt.execution.junit.TestsRepeater.repeat(TestsRepeater.java:11) ~[idea_rt.jar:na]
	at com.intellij.rt.junit.IdeaTestRunner$Repeater.startRunnerWithArgs(IdeaTestRunner.java:35) ~[junit-rt.jar:na]
	at com.intellij.rt.junit.JUnitStarter.prepareStreamsAndStart(JUnitStarter.java:232) ~[junit-rt.jar:na]
	at com.intellij.rt.junit.JUnitStarter.main(JUnitStarter.java:55) ~[junit-rt.jar:na]
Caused by: java.lang.NoClassDefFoundError: Could not initialize class org.apache.dubbo.config.spring.ServiceBean
	at java.base/jdk.internal.reflect.NativeConstructorAccessorImpl.newInstance0(Native Method) ~[na:na]
	at java.base/jdk.internal.reflect.NativeConstructorAccessorImpl.newInstance(NativeConstructorAccessorImpl.java:77) ~[na:na]
	at java.base/jdk.internal.reflect.DelegatingConstructorAccessorImpl.newInstance(DelegatingConstructorAccessorImpl.java:45) ~[na:na]
	at java.base/java.lang.reflect.Constructor.newInstanceWithCaller(Constructor.java:499) ~[na:na]
	at java.base/java.lang.reflect.Constructor.newInstance(Constructor.java:480) ~[na:na]
	at org.springframework.beans.BeanUtils.instantiateClass(BeanUtils.java:204) ~[spring-beans-5.2.6.RELEASE.jar:5.2.6.RELEASE]
	at org.springframework.beans.factory.support.SimpleInstantiationStrategy.instantiate(SimpleInstantiationStrategy.java:87) ~[spring-beans-5.2.6.RELEASE.jar:5.2.6.RELEASE]
	at org.springframework.beans.factory.support.AbstractAutowireCapableBeanFactory.instantiateBean(AbstractAutowireCapableBeanFactory.java:1312) ~[spring-beans-5.2.6.RELEASE.jar:5.2.6.RELEASE]
	... 43 common frames omitted
Caused by: java.lang.ExceptionInInitializerError: Exception java.lang.ExceptionInInitializerError [in thread "main"]
	at java.base/jdk.internal.reflect.NativeConstructorAccessorImpl.newInstance0(Native Method) ~[na:na]
	at java.base/jdk.internal.reflect.NativeConstructorAccessorImpl.newInstance(NativeConstructorAccessorImpl.java:77) ~[na:na]
	at java.base/jdk.internal.reflect.DelegatingConstructorAccessorImpl.newInstance(DelegatingConstructorAccessorImpl.java:45) ~[na:na]
	at java.base/java.lang.reflect.Constructor.newInstanceWithCaller(Constructor.java:499) ~[na:na]
	at java.base/java.lang.reflect.Constructor.newInstance(Constructor.java:480) ~[na:na]
	at org.springframework.beans.BeanUtils.instantiateClass(BeanUtils.java:204) ~[spring-beans-5.2.6.RELEASE.jar:5.2.6.RELEASE]
	at org.springframework.beans.factory.support.SimpleInstantiationStrategy.instantiate(SimpleInstantiationStrategy.java:87) ~[spring-beans-5.2.6.RELEASE.jar:5.2.6.RELEASE]
	at org.springframework.beans.factory.support.AbstractAutowireCapableBeanFactory.instantiateBean(AbstractAutowireCapableBeanFactory.java:1312) ~[spring-beans-5.2.6.RELEASE.jar:5.2.6.RELEASE]
	at org.springframework.beans.factory.support.AbstractAutowireCapableBeanFactory.createBeanInstance(AbstractAutowireCapableBeanFactory.java:1214) ~[spring-beans-5.2.6.RELEASE.jar:5.2.6.RELEASE]
	at org.springframework.beans.factory.support.AbstractAutowireCapableBeanFactory.doCreateBean(AbstractAutowireCapableBeanFactory.java:557) ~[spring-beans-5.2.6.RELEASE.jar:5.2.6.RELEASE]
	at org.springframework.beans.factory.support.AbstractAutowireCapableBeanFactory.createBean(AbstractAutowireCapableBeanFactory.java:517) ~[spring-beans-5.2.6.RELEASE.jar:5.2.6.RELEASE]
	at org.springframework.beans.factory.support.AbstractBeanFactory.lambda$doGetBean$0(AbstractBeanFactory.java:323) ~[spring-beans-5.2.6.RELEASE.jar:5.2.6.RELEASE]
	at org.springframework.beans.factory.support.DefaultSingletonBeanRegistry.getSingleton(DefaultSingletonBeanRegistry.java:226) ~[spring-beans-5.2.6.RELEASE.jar:5.2.6.RELEASE]
	at org.springframework.beans.factory.support.AbstractBeanFactory.doGetBean(AbstractBeanFactory.java:321) ~[spring-beans-5.2.6.RELEASE.jar:5.2.6.RELEASE]
	at org.springframework.beans.factory.support.AbstractBeanFactory.getBean(AbstractBeanFactory.java:202) ~[spring-beans-5.2.6.RELEASE.jar:5.2.6.RELEASE]
	at org.springframework.beans.factory.support.DefaultListableBeanFactory.preInstantiateSingletons(DefaultListableBeanFactory.java:895) ~[spring-beans-5.2.6.RELEASE.jar:5.2.6.RELEASE]
	at org.springframework.context.support.AbstractApplicationContext.finishBeanFactoryInitialization(AbstractApplicationContext.java:878) ~[spring-context-5.2.6.RELEASE.jar:5.2.6.RELEASE]
	at org.springframework.context.support.AbstractApplicationContext.refresh(AbstractApplicationContext.java:550) ~[spring-context-5.2.6.RELEASE.jar:5.2.6.RELEASE]
	at org.springframework.boot.SpringApplication.refresh(SpringApplication.java:758) ~[spring-boot-2.3.0.RELEASE.jar:2.3.0.RELEASE]
	at org.springframework.boot.SpringApplication.refresh(SpringApplication.java:750) ~[spring-boot-2.3.0.RELEASE.jar:2.3.0.RELEASE]
	at org.springframework.boot.SpringApplication.refreshContext(SpringApplication.java:397) ~[spring-boot-2.3.0.RELEASE.jar:2.3.0.RELEASE]
	at org.springframework.boot.SpringApplication.run(SpringApplication.java:315) ~[spring-boot-2.3.0.RELEASE.jar:2.3.0.RELEASE]
	at org.springframework.boot.test.context.SpringBootContextLoader.loadContext(SpringBootContextLoader.java:120) ~[spring-boot-test-2.3.0.RELEASE.jar:2.3.0.RELEASE]
	at org.springframework.test.context.cache.DefaultCacheAwareContextLoaderDelegate.loadContextInternal(DefaultCacheAwareContextLoaderDelegate.java:99) ~[spring-test-5.2.5.RELEASE.jar:5.2.5.RELEASE]
	at org.springframework.test.context.cache.DefaultCacheAwareContextLoaderDelegate.loadContext(DefaultCacheAwareContextLoaderDelegate.java:124) ~[spring-test-5.2.5.RELEASE.jar:5.2.5.RELEASE]
	at org.springframework.test.context.support.DefaultTestContext.getApplicationContext(DefaultTestContext.java:123) ~[spring-test-5.2.5.RELEASE.jar:5.2.5.RELEASE]
	at org.springframework.test.context.support.DependencyInjectionTestExecutionListener.injectDependencies(DependencyInjectionTestExecutionListener.java:118) ~[spring-test-5.2.5.RELEASE.jar:5.2.5.RELEASE]
	at org.springframework.test.context.support.DependencyInjectionTestExecutionListener.prepareTestInstance(DependencyInjectionTestExecutionListener.java:83) ~[spring-test-5.2.5.RELEASE.jar:5.2.5.RELEASE]
	at org.springframework.boot.test.autoconfigure.SpringBootDependencyInjectionTestExecutionListener.prepareTestInstance(SpringBootDependencyInjectionTestExecutionListener.java:43) ~[spring-boot-test-autoconfigure-2.3.0.RELEASE.jar:2.3.0.RELEASE]
	... 23 common frames omitted

2026-07-29 10:06:30.259 ERROR 17216 --- [main] o.s.test.context.TestContextManager      : Caught exception while allowing TestExecutionListener [org.springframework.boot.test.autoconfigure.SpringBootDependencyInjectionTestExecutionListener@235ecd9f] to prepare test instance [dubboImplTest.AiServiceTest@4d0d9fe7]

java.lang.IllegalStateException: Failed to load ApplicationContext
	at org.springframework.test.context.cache.DefaultCacheAwareContextLoaderDelegate.loadContext(DefaultCacheAwareContextLoaderDelegate.java:132) ~[spring-test-5.2.5.RELEASE.jar:5.2.5.RELEASE]
	at org.springframework.test.context.support.DefaultTestContext.getApplicationContext(DefaultTestContext.java:123) ~[spring-test-5.2.5.RELEASE.jar:5.2.5.RELEASE]
	at org.springframework.test.context.support.DependencyInjectionTestExecutionListener.injectDependencies(DependencyInjectionTestExecutionListener.java:118) ~[spring-test-5.2.5.RELEASE.jar:5.2.5.RELEASE]
	at org.springframework.test.context.support.DependencyInjectionTestExecutionListener.prepareTestInstance(DependencyInjectionTestExecutionListener.java:83) ~[spring-test-5.2.5.RELEASE.jar:5.2.5.RELEASE]
	at org.springframework.boot.test.autoconfigure.SpringBootDependencyInjectionTestExecutionListener.prepareTestInstance(SpringBootDependencyInjectionTestExecutionListener.java:43) ~[spring-boot-test-autoconfigure-2.3.0.RELEASE.jar:2.3.0.RELEASE]
	at org.springframework.test.context.TestContextManager.prepareTestInstance(TestContextManager.java:244) ~[spring-test-5.2.5.RELEASE.jar:5.2.5.RELEASE]
	at org.springframework.test.context.junit4.SpringJUnit4ClassRunner.createTest(SpringJUnit4ClassRunner.java:227) ~[spring-test-5.2.5.RELEASE.jar:5.2.5.RELEASE]
	at org.springframework.test.context.junit4.SpringJUnit4ClassRunner$1.runReflectiveCall(SpringJUnit4ClassRunner.java:289) ~[spring-test-5.2.5.RELEASE.jar:5.2.5.RELEASE]
	at org.junit.internal.runners.model.ReflectiveCallable.run(ReflectiveCallable.java:12) ~[junit-4.12.jar:4.12]
	at org.springframework.test.context.junit4.SpringJUnit4ClassRunner.methodBlock(SpringJUnit4ClassRunner.java:291) ~[spring-test-5.2.5.RELEASE.jar:5.2.5.RELEASE]
	at org.springframework.test.context.junit4.SpringJUnit4ClassRunner.runChild(SpringJUnit4ClassRunner.java:246) ~[spring-test-5.2.5.RELEASE.jar:5.2.5.RELEASE]
	at org.springframework.test.context.junit4.SpringJUnit4ClassRunner.runChild(SpringJUnit4ClassRunner.java:97) ~[spring-test-5.2.5.RELEASE.jar:5.2.5.RELEASE]
	at org.junit.runners.ParentRunner$3.run(ParentRunner.java:290) ~[junit-4.12.jar:4.12]
	at org.junit.runners.ParentRunner$1.schedule(ParentRunner.java:71) ~[junit-4.12.jar:4.12]
	at org.junit.runners.ParentRunner.runChildren(ParentRunner.java:288) ~[junit-4.12.jar:4.12]
	at org.junit.runners.ParentRunner.access$000(ParentRunner.java:58) ~[junit-4.12.jar:4.12]
	at org.junit.runners.ParentRunner$2.evaluate(ParentRunner.java:268) ~[junit-4.12.jar:4.12]
	at org.springframework.test.context.junit4.statements.RunBeforeTestClassCallbacks.evaluate(RunBeforeTestClassCallbacks.java:61) ~[spring-test-5.2.5.RELEASE.jar:5.2.5.RELEASE]
	at org.springframework.test.context.junit4.statements.RunAfterTestClassCallbacks.evaluate(RunAfterTestClassCallbacks.java:70) ~[spring-test-5.2.5.RELEASE.jar:5.2.5.RELEASE]
	at org.junit.runners.ParentRunner.run(ParentRunner.java:363) ~[junit-4.12.jar:4.12]
	at org.springframework.test.context.junit4.SpringJUnit4ClassRunner.run(SpringJUnit4ClassRunner.java:190) ~[spring-test-5.2.5.RELEASE.jar:5.2.5.RELEASE]
	at org.junit.runner.JUnitCore.run(JUnitCore.java:137) ~[junit-4.12.jar:4.12]
	at com.intellij.junit4.JUnit4IdeaTestRunner.startRunnerWithArgs(JUnit4IdeaTestRunner.java:69) ~[junit-rt.jar:na]
	at com.intellij.rt.junit.IdeaTestRunner$Repeater$1.execute(IdeaTestRunner.java:38) ~[junit-rt.jar:na]
	at com.intellij.rt.execution.junit.TestsRepeater.repeat(TestsRepeater.java:11) ~[idea_rt.jar:na]
	at com.intellij.rt.junit.IdeaTestRunner$Repeater.startRunnerWithArgs(IdeaTestRunner.java:35) ~[junit-rt.jar:na]
	at com.intellij.rt.junit.JUnitStarter.prepareStreamsAndStart(JUnitStarter.java:232) ~[junit-rt.jar:na]
	at com.intellij.rt.junit.JUnitStarter.main(JUnitStarter.java:55) ~[junit-rt.jar:na]
Caused by: org.springframework.beans.factory.BeanCreationException: Error creating bean with name 'ServiceBean:service.AiService': Instantiation of bean failed; nested exception is java.lang.ExceptionInInitializerError
	at org.springframework.beans.factory.support.AbstractAutowireCapableBeanFactory.instantiateBean(AbstractAutowireCapableBeanFactory.java:1320) ~[spring-beans-5.2.6.RELEASE.jar:5.2.6.RELEASE]
	at org.springframework.beans.factory.support.AbstractAutowireCapableBeanFactory.createBeanInstance(AbstractAutowireCapableBeanFactory.java:1214) ~[spring-beans-5.2.6.RELEASE.jar:5.2.6.RELEASE]
	at org.springframework.beans.factory.support.AbstractAutowireCapableBeanFactory.doCreateBean(AbstractAutowireCapableBeanFactory.java:557) ~[spring-beans-5.2.6.RELEASE.jar:5.2.6.RELEASE]
	at org.springframework.beans.factory.support.AbstractAutowireCapableBeanFactory.createBean(AbstractAutowireCapableBeanFactory.java:517) ~[spring-beans-5.2.6.RELEASE.jar:5.2.6.RELEASE]
	at org.springframework.beans.factory.support.AbstractBeanFactory.lambda$doGetBean$0(AbstractBeanFactory.java:323) ~[spring-beans-5.2.6.RELEASE.jar:5.2.6.RELEASE]
	at org.springframework.beans.factory.support.DefaultSingletonBeanRegistry.getSingleton(DefaultSingletonBeanRegistry.java:226) ~[spring-beans-5.2.6.RELEASE.jar:5.2.6.RELEASE]
	at org.springframework.beans.factory.support.AbstractBeanFactory.doGetBean(AbstractBeanFactory.java:321) ~[spring-beans-5.2.6.RELEASE.jar:5.2.6.RELEASE]
	at org.springframework.beans.factory.support.AbstractBeanFactory.getBean(AbstractBeanFactory.java:202) ~[spring-beans-5.2.6.RELEASE.jar:5.2.6.RELEASE]
	at org.springframework.beans.factory.support.DefaultListableBeanFactory.preInstantiateSingletons(DefaultListableBeanFactory.java:895) ~[spring-beans-5.2.6.RELEASE.jar:5.2.6.RELEASE]
	at org.springframework.context.support.AbstractApplicationContext.finishBeanFactoryInitialization(AbstractApplicationContext.java:878) ~[spring-context-5.2.6.RELEASE.jar:5.2.6.RELEASE]
	at org.springframework.context.support.AbstractApplicationContext.refresh(AbstractApplicationContext.java:550) ~[spring-context-5.2.6.RELEASE.jar:5.2.6.RELEASE]
	at org.springframework.boot.SpringApplication.refresh(SpringApplication.java:758) ~[spring-boot-2.3.0.RELEASE.jar:2.3.0.RELEASE]
	at org.springframework.boot.SpringApplication.refresh(SpringApplication.java:750) ~[spring-boot-2.3.0.RELEASE.jar:2.3.0.RELEASE]
	at org.springframework.boot.SpringApplication.refreshContext(SpringApplication.java:397) ~[spring-boot-2.3.0.RELEASE.jar:2.3.0.RELEASE]
	at org.springframework.boot.SpringApplication.run(SpringApplication.java:315) ~[spring-boot-2.3.0.RELEASE.jar:2.3.0.RELEASE]
	at org.springframework.boot.test.context.SpringBootContextLoader.loadContext(SpringBootContextLoader.java:120) ~[spring-boot-test-2.3.0.RELEASE.jar:2.3.0.RELEASE]
	at org.springframework.test.context.cache.DefaultCacheAwareContextLoaderDelegate.loadContextInternal(DefaultCacheAwareContextLoaderDelegate.java:99) ~[spring-test-5.2.5.RELEASE.jar:5.2.5.RELEASE]
	at org.springframework.test.context.cache.DefaultCacheAwareContextLoaderDelegate.loadContext(DefaultCacheAwareContextLoaderDelegate.java:124) ~[spring-test-5.2.5.RELEASE.jar:5.2.5.RELEASE]
	... 27 common frames omitted
Caused by: java.lang.ExceptionInInitializerError: null
	at java.base/jdk.internal.reflect.NativeConstructorAccessorImpl.newInstance0(Native Method) ~[na:na]
	at java.base/jdk.internal.reflect.NativeConstructorAccessorImpl.newInstance(NativeConstructorAccessorImpl.java:77) ~[na:na]
	at java.base/jdk.internal.reflect.DelegatingConstructorAccessorImpl.newInstance(DelegatingConstructorAccessorImpl.java:45) ~[na:na]
	at java.base/java.lang.reflect.Constructor.newInstanceWithCaller(Constructor.java:499) ~[na:na]
	at java.base/java.lang.reflect.Constructor.newInstance(Constructor.java:480) ~[na:na]
	at org.springframework.beans.BeanUtils.instantiateClass(BeanUtils.java:204) ~[spring-beans-5.2.6.RELEASE.jar:5.2.6.RELEASE]
	at org.springframework.beans.factory.support.SimpleInstantiationStrategy.instantiate(SimpleInstantiationStrategy.java:87) ~[spring-beans-5.2.6.RELEASE.jar:5.2.6.RELEASE]
	at org.springframework.beans.factory.support.AbstractAutowireCapableBeanFactory.instantiateBean(AbstractAutowireCapableBeanFactory.java:1312) ~[spring-beans-5.2.6.RELEASE.jar:5.2.6.RELEASE]
	... 44 common frames omitted
Caused by: java.lang.IllegalStateException: Failed to create adaptive instance: java.lang.IllegalStateException: Can't create adaptive extension interface org.apache.dubbo.rpc.Protocol, cause: Unable to make protected final java.lang.Class java.lang.ClassLoader.defineClass(java.lang.String,byte[],int,int,java.security.ProtectionDomain) throws java.lang.ClassFormatError accessible: module java.base does not "opens java.lang" to unnamed module @61ca4046
	at org.apache.dubbo.common.extension.ExtensionLoader.getAdaptiveExtension(ExtensionLoader.java:486) ~[dubbo-2.7.3.jar:2.7.3]
	at org.apache.dubbo.config.ServiceConfig.<clinit>(ServiceConfig.java:119) ~[dubbo-2.7.3.jar:2.7.3]
	... 52 common frames omitted
Caused by: java.lang.IllegalStateException: Can't create adaptive extension interface org.apache.dubbo.rpc.Protocol, cause: Unable to make protected final java.lang.Class java.lang.ClassLoader.defineClass(java.lang.String,byte[],int,int,java.security.ProtectionDomain) throws java.lang.ClassFormatError accessible: module java.base does not "opens java.lang" to unnamed module @61ca4046
	at org.apache.dubbo.common.extension.ExtensionLoader.createAdaptiveExtension(ExtensionLoader.java:847) ~[dubbo-2.7.3.jar:2.7.3]
	at org.apache.dubbo.common.extension.ExtensionLoader.getAdaptiveExtension(ExtensionLoader.java:482) ~[dubbo-2.7.3.jar:2.7.3]
	... 53 common frames omitted
Caused by: java.lang.reflect.InaccessibleObjectException: Unable to make protected final java.lang.Class java.lang.ClassLoader.defineClass(java.lang.String,byte[],int,int,java.security.ProtectionDomain) throws java.lang.ClassFormatError accessible: module java.base does not "opens java.lang" to unnamed module @61ca4046
	at java.base/java.lang.reflect.AccessibleObject.checkCanSetAccessible(AccessibleObject.java:354) ~[na:na]
	at java.base/java.lang.reflect.AccessibleObject.checkCanSetAccessible(AccessibleObject.java:297) ~[na:na]
	at java.base/java.lang.reflect.Method.checkCanSetAccessible(Method.java:199) ~[na:na]
	at java.base/java.lang.reflect.Method.setAccessible(Method.java:193) ~[na:na]
	at javassist.ClassPool.toClass2(ClassPool.java:1181) ~[javassist-3.20.0-GA.jar:na]
	at javassist.ClassPool.toClass(ClassPool.java:1164) ~[javassist-3.20.0-GA.jar:na]
	at javassist.CtClass.toClass(CtClass.java:1305) ~[javassist-3.20.0-GA.jar:na]
	at org.apache.dubbo.common.compiler.support.JavassistCompiler.doCompile(JavassistCompiler.java:82) ~[dubbo-2.7.3.jar:2.7.3]
	at org.apache.dubbo.common.compiler.support.AbstractCompiler.compile(AbstractCompiler.java:58) ~[dubbo-2.7.3.jar:2.7.3]
	at org.apache.dubbo.common.compiler.support.AdaptiveCompiler.compile(AdaptiveCompiler.java:45) ~[dubbo-2.7.3.jar:2.7.3]
	at org.apache.dubbo.common.extension.ExtensionLoader.createAdaptiveExtensionClass(ExtensionLoader.java:863) ~[dubbo-2.7.3.jar:2.7.3]
	at org.apache.dubbo.common.extension.ExtensionLoader.getAdaptiveExtensionClass(ExtensionLoader.java:856) ~[dubbo-2.7.3.jar:2.7.3]
	at org.apache.dubbo.common.extension.ExtensionLoader.createAdaptiveExtension(ExtensionLoader.java:845) ~[dubbo-2.7.3.jar:2.7.3]
	... 54 common frames omitted

2026-07-29 10:20:12.146  INFO 20668 --- [main] d.s.b.c.e.WelcomeLogoApplicationListener : 

 :: Dubbo Spring Boot (v2.7.3) : https://github.com/apache/dubbo-spring-boot-project
 :: Dubbo (v2.7.3) : https://github.com/apache/incubator-dubbo
 :: Discuss group : dev@dubbo.apache.org

2026-07-29 10:20:12.151  INFO 20668 --- [main] e.OverrideDubboConfigApplicationListener : Dubbo Config was overridden by externalized configuration {dubbo.application.name=kano-project-provider, dubbo.application.qos-enable=false, dubbo.config.multiple=true, dubbo.protocol.threadpool=fixed, dubbo.protocol.threads=64, dubbo.provider.timeout=50000, dubbo.registry.address=zookeeper://101.132.187.120:2181}
2026-07-29 10:20:12.258  INFO 20668 --- [main] dubboImplTest.AiServiceTest              : Starting AiServiceTest on KanoLap with PID 20668 (started by 51227 in D:\javaProgram\KanoProject\kano-project-parent\kano-project-provider\kano-project-provider-provider)
2026-07-29 10:20:12.258  INFO 20668 --- [main] dubboImplTest.AiServiceTest              : No active profile set, falling back to default profiles: default
2026-07-29 10:20:12.759  INFO 20668 --- [main] .a.d.c.s.c.a.DubboConfigBindingRegistrar : The dubbo config bean definition [name : org.apache.dubbo.config.ApplicationConfig#0, class : org.apache.dubbo.config.ApplicationConfig] has been registered.
2026-07-29 10:20:12.759  INFO 20668 --- [main] .a.d.c.s.c.a.DubboConfigBindingRegistrar : The BeanPostProcessor bean definition [org.apache.dubbo.config.spring.beans.factory.annotation.DubboConfigBindingBeanPostProcessor] for dubbo config bean [name : org.apache.dubbo.config.ApplicationConfig#0] has been registered.
2026-07-29 10:20:12.759  INFO 20668 --- [main] .a.d.c.s.c.a.DubboConfigBindingRegistrar : The dubbo config bean definition [name : org.apache.dubbo.config.RegistryConfig#0, class : org.apache.dubbo.config.RegistryConfig] has been registered.
2026-07-29 10:20:12.759  INFO 20668 --- [main] .a.d.c.s.c.a.DubboConfigBindingRegistrar : The BeanPostProcessor bean definition [org.apache.dubbo.config.spring.beans.factory.annotation.DubboConfigBindingBeanPostProcessor] for dubbo config bean [name : org.apache.dubbo.config.RegistryConfig#0] has been registered.
2026-07-29 10:20:12.759  INFO 20668 --- [main] .a.d.c.s.c.a.DubboConfigBindingRegistrar : The dubbo config bean definition [name : org.apache.dubbo.config.ProtocolConfig#0, class : org.apache.dubbo.config.ProtocolConfig] has been registered.
2026-07-29 10:20:12.759  INFO 20668 --- [main] .a.d.c.s.c.a.DubboConfigBindingRegistrar : The BeanPostProcessor bean definition [org.apache.dubbo.config.spring.beans.factory.annotation.DubboConfigBindingBeanPostProcessor] for dubbo config bean [name : org.apache.dubbo.config.ProtocolConfig#0] has been registered.
2026-07-29 10:20:12.759  INFO 20668 --- [main] .a.d.c.s.c.a.DubboConfigBindingRegistrar : The dubbo config bean definition [name : org.apache.dubbo.config.ProviderConfig#0, class : org.apache.dubbo.config.ProviderConfig] has been registered.
2026-07-29 10:20:12.759  INFO 20668 --- [main] .a.d.c.s.c.a.DubboConfigBindingRegistrar : The BeanPostProcessor bean definition [org.apache.dubbo.config.spring.beans.factory.annotation.DubboConfigBindingBeanPostProcessor] for dubbo config bean [name : org.apache.dubbo.config.ProviderConfig#0] has been registered.
2026-07-29 10:20:12.800  INFO 20668 --- [main] .s.d.r.c.RepositoryConfigurationDelegate : Multiple Spring Data modules found, entering strict repository configuration mode!
2026-07-29 10:20:12.800  INFO 20668 --- [main] .s.d.r.c.RepositoryConfigurationDelegate : Bootstrapping Spring Data Redis repositories in DEFAULT mode.
2026-07-29 10:20:12.833  INFO 20668 --- [main] .s.d.r.c.RepositoryConfigurationDelegate : Finished Spring Data repository scanning in 17ms. Found 0 Redis repository interfaces.
2026-07-29 10:20:13.083  INFO 20668 --- [main] ptablePropertiesBeanFactoryPostProcessor : Post-processing PropertySource instances
2026-07-29 10:20:13.132  INFO 20668 --- [main] c.u.j.EncryptablePropertySourceConverter : Converting PropertySource configurationProperties [org.springframework.boot.context.properties.source.ConfigurationPropertySourcesPropertySource] to AOP Proxy
2026-07-29 10:20:13.132  INFO 20668 --- [main] c.u.j.EncryptablePropertySourceConverter : Converting PropertySource Inlined Test Properties [org.springframework.core.env.MapPropertySource] to EncryptableMapPropertySourceWrapper
2026-07-29 10:20:13.132  INFO 20668 --- [main] c.u.j.EncryptablePropertySourceConverter : Converting PropertySource systemProperties [org.springframework.core.env.PropertiesPropertySource] to EncryptableMapPropertySourceWrapper
2026-07-29 10:20:13.132  INFO 20668 --- [main] c.u.j.EncryptablePropertySourceConverter : Converting PropertySource systemEnvironment [org.springframework.boot.env.SystemEnvironmentPropertySourceEnvironmentPostProcessor$OriginAwareSystemEnvironmentPropertySource] to EncryptableMapPropertySourceWrapper
2026-07-29 10:20:13.132  INFO 20668 --- [main] c.u.j.EncryptablePropertySourceConverter : Converting PropertySource random [org.springframework.boot.env.RandomValuePropertySource] to EncryptablePropertySourceWrapper
2026-07-29 10:20:13.132  INFO 20668 --- [main] c.u.j.EncryptablePropertySourceConverter : Converting PropertySource applicationConfig: [classpath:/application.properties] [org.springframework.boot.env.OriginTrackedMapPropertySource] to EncryptableMapPropertySourceWrapper
2026-07-29 10:20:13.132  INFO 20668 --- [main] c.u.j.EncryptablePropertySourceConverter : Converting PropertySource defaultProperties [org.springframework.core.env.MapPropertySource] to EncryptableMapPropertySourceWrapper
2026-07-29 10:20:13.157  INFO 20668 --- [main] c.u.j.filter.DefaultLazyPropertyFilter   : Property Filter custom Bean not found with name 'encryptablePropertyFilter'. Initializing Default Property Filter
2026-07-29 10:20:13.184  INFO 20668 --- [main] trationDelegate$BeanPostProcessorChecker : Bean 'org.apache.dubbo.spring.boot.autoconfigure.DubboRelaxedBinding2AutoConfiguration' of type [org.apache.dubbo.spring.boot.autoconfigure.DubboRelaxedBinding2AutoConfiguration$$EnhancerBySpringCGLIB$$c9e0d72b] is not eligible for getting processed by all BeanPostProcessors (for example: not eligible for auto-proxying)
2026-07-29 10:20:13.267  INFO 20668 --- [main] trationDelegate$BeanPostProcessorChecker : Bean 'relaxedDubboConfigBinder' of type [org.apache.dubbo.spring.boot.autoconfigure.BinderDubboConfigBinder] is not eligible for getting processed by all BeanPostProcessors (for example: not eligible for auto-proxying)
2026-07-29 10:20:13.267  INFO 20668 --- [main] trationDelegate$BeanPostProcessorChecker : Bean 'relaxedDubboConfigBinder' of type [org.apache.dubbo.spring.boot.autoconfigure.BinderDubboConfigBinder] is not eligible for getting processed by all BeanPostProcessors (for example: not eligible for auto-proxying)
2026-07-29 10:20:13.267  INFO 20668 --- [main] trationDelegate$BeanPostProcessorChecker : Bean 'relaxedDubboConfigBinder' of type [org.apache.dubbo.spring.boot.autoconfigure.BinderDubboConfigBinder] is not eligible for getting processed by all BeanPostProcessors (for example: not eligible for auto-proxying)
2026-07-29 10:20:13.273  INFO 20668 --- [main] trationDelegate$BeanPostProcessorChecker : Bean 'relaxedDubboConfigBinder' of type [org.apache.dubbo.spring.boot.autoconfigure.BinderDubboConfigBinder] is not eligible for getting processed by all BeanPostProcessors (for example: not eligible for auto-proxying)
2026-07-29 10:20:13.284  INFO 20668 --- [main] c.u.j.r.DefaultLazyPropertyResolver      : Property Resolver custom Bean not found with name 'encryptablePropertyResolver'. Initializing Default Property Resolver
2026-07-29 10:20:13.284  INFO 20668 --- [main] c.u.j.d.DefaultLazyPropertyDetector      : Property Detector custom Bean not found with name 'encryptablePropertyDetector'. Initializing Default Property Detector
2026-07-29 10:20:13.400  INFO 20668 --- [main] c.a.d.s.b.a.DruidDataSourceAutoConfigure : Init DruidDataSource
2026-07-29 10:20:13.484  INFO 20668 --- [main] com.alibaba.druid.pool.DruidDataSource   : {dataSource-1} inited
2026-07-29 10:20:14.917  INFO 20668 --- [main] c.g.d.core.DozerBeanMapperBuilder        : Initializing Dozer. Version: 6.5.0, Thread Name: main
2026-07-29 10:20:14.922  INFO 20668 --- [main] c.g.dozermapper.core.util.RuntimeUtils   : OSGi support is false
2026-07-29 10:20:14.928  INFO 20668 --- [main] d.c.c.r.LegacyPropertiesSettingsResolver : Trying to find Dozer configuration file: dozer.properties
2026-07-29 10:20:14.928  INFO 20668 --- [main] d.c.c.r.LegacyPropertiesSettingsResolver : Failed to find dozer.properties via com.github.dozermapper.core.config.resolvers.LegacyPropertiesSettingsResolver.
2026-07-29 10:20:14.933  INFO 20668 --- [main] c.g.d.core.el.ELExpressionFactory        : javax.el support is true
2026-07-29 10:20:15.217  INFO 20668 --- [main] .f.a.DubboConfigBindingBeanPostProcessor : The properties of bean [name : org.apache.dubbo.config.ApplicationConfig#0] have been binding by prefix of configuration properties : dubbo.application
2026-07-29 10:20:15.226  INFO 20668 --- [main] .f.a.DubboConfigBindingBeanPostProcessor : The properties of bean [name : org.apache.dubbo.config.RegistryConfig#0] have been binding by prefix of configuration properties : dubbo.registry
2026-07-29 10:20:15.251  INFO 20668 --- [main] .f.a.DubboConfigBindingBeanPostProcessor : The properties of bean [name : org.apache.dubbo.config.ProtocolConfig#0] have been binding by prefix of configuration properties : dubbo.protocol
2026-07-29 10:20:15.268  INFO 20668 --- [main] .f.a.DubboConfigBindingBeanPostProcessor : The properties of bean [name : org.apache.dubbo.config.ProviderConfig#0] have been binding by prefix of configuration properties : dubbo.provider
2026-07-29 10:20:15.724  INFO 20668 --- [main] org.quartz.impl.StdSchedulerFactory      : Using default implementation for ThreadExecutor
2026-07-29 10:20:15.742  INFO 20668 --- [main] org.quartz.core.SchedulerSignalerImpl    : Initialized Scheduler Signaller of type: class org.quartz.core.SchedulerSignalerImpl
2026-07-29 10:20:15.742  INFO 20668 --- [main] org.quartz.core.QuartzScheduler          : Quartz Scheduler v.2.3.2 created.
2026-07-29 10:20:15.742  INFO 20668 --- [main] org.quartz.simpl.RAMJobStore             : RAMJobStore initialized.
2026-07-29 10:20:15.742  INFO 20668 --- [main] org.quartz.core.QuartzScheduler          : Scheduler meta-data: Quartz Scheduler (v2.3.2) 'quartzScheduler' with instanceId 'NON_CLUSTERED'
  Scheduler class: 'org.quartz.core.QuartzScheduler' - running locally.
  NOT STARTED.
  Currently in standby mode.
  Number of jobs executed: 0
  Using thread pool 'org.quartz.simpl.SimpleThreadPool' - with 10 threads.
  Using job-store 'org.quartz.simpl.RAMJobStore' - which does not support persistence. and is not clustered.

2026-07-29 10:20:15.742  INFO 20668 --- [main] org.quartz.impl.StdSchedulerFactory      : Quartz scheduler 'quartzScheduler' initialized from an externally provided properties instance.
2026-07-29 10:20:15.742  INFO 20668 --- [main] org.quartz.impl.StdSchedulerFactory      : Quartz scheduler version: 2.3.2
2026-07-29 10:20:15.742  INFO 20668 --- [main] org.quartz.core.QuartzScheduler          : JobFactory set to: org.springframework.scheduling.quartz.SpringBeanJobFactory@360b42f0
2026-07-29 10:20:15.992  WARN 20668 --- [main] s.c.a.AnnotationConfigApplicationContext : Exception encountered during context initialization - cancelling refresh attempt: org.springframework.beans.factory.BeanCreationException: Error creating bean with name 'ServiceBean:service.AiService': Instantiation of bean failed; nested exception is java.lang.ExceptionInInitializerError
2026-07-29 10:20:15.992  INFO 20668 --- [main] o.s.s.quartz.SchedulerFactoryBean        : Shutting down Quartz Scheduler
2026-07-29 10:20:15.992  INFO 20668 --- [main] org.quartz.core.QuartzScheduler          : Scheduler quartzScheduler_$_NON_CLUSTERED shutting down.
2026-07-29 10:20:15.992  INFO 20668 --- [main] org.quartz.core.QuartzScheduler          : Scheduler quartzScheduler_$_NON_CLUSTERED paused.
2026-07-29 10:20:15.992  INFO 20668 --- [main] org.quartz.core.QuartzScheduler          : Scheduler quartzScheduler_$_NON_CLUSTERED shutdown complete.
2026-07-29 10:20:16.017  INFO 20668 --- [main] com.alibaba.druid.pool.DruidDataSource   : {dataSource-1} closing ...
2026-07-29 10:20:16.018  INFO 20668 --- [main] com.alibaba.druid.pool.DruidDataSource   : {dataSource-1} closed
2026-07-29 10:20:16.018  INFO 20668 --- [main] f.a.ReferenceAnnotationBeanPostProcessor : class org.apache.dubbo.config.spring.beans.factory.annotation.ReferenceAnnotationBeanPostProcessor was destroying!
2026-07-29 10:20:16.026  INFO 20668 --- [main] ConditionEvaluationReportLoggingListener : 

Error starting ApplicationContext. To display the conditions report re-run your application with 'debug' enabled.
2026-07-29 10:20:16.038 ERROR 20668 --- [main] o.s.boot.SpringApplication               : Application run failed

org.springframework.beans.factory.BeanCreationException: Error creating bean with name 'ServiceBean:service.AiService': Instantiation of bean failed; nested exception is java.lang.ExceptionInInitializerError
	at org.springframework.beans.factory.support.AbstractAutowireCapableBeanFactory.instantiateBean(AbstractAutowireCapableBeanFactory.java:1320) ~[spring-beans-5.2.6.RELEASE.jar:5.2.6.RELEASE]
	at org.springframework.beans.factory.support.AbstractAutowireCapableBeanFactory.createBeanInstance(AbstractAutowireCapableBeanFactory.java:1214) ~[spring-beans-5.2.6.RELEASE.jar:5.2.6.RELEASE]
	at org.springframework.beans.factory.support.AbstractAutowireCapableBeanFactory.doCreateBean(AbstractAutowireCapableBeanFactory.java:557) ~[spring-beans-5.2.6.RELEASE.jar:5.2.6.RELEASE]
	at org.springframework.beans.factory.support.AbstractAutowireCapableBeanFactory.createBean(AbstractAutowireCapableBeanFactory.java:517) ~[spring-beans-5.2.6.RELEASE.jar:5.2.6.RELEASE]
	at org.springframework.beans.factory.support.AbstractBeanFactory.lambda$doGetBean$0(AbstractBeanFactory.java:323) ~[spring-beans-5.2.6.RELEASE.jar:5.2.6.RELEASE]
	at org.springframework.beans.factory.support.DefaultSingletonBeanRegistry.getSingleton(DefaultSingletonBeanRegistry.java:226) ~[spring-beans-5.2.6.RELEASE.jar:5.2.6.RELEASE]
	at org.springframework.beans.factory.support.AbstractBeanFactory.doGetBean(AbstractBeanFactory.java:321) ~[spring-beans-5.2.6.RELEASE.jar:5.2.6.RELEASE]
	at org.springframework.beans.factory.support.AbstractBeanFactory.getBean(AbstractBeanFactory.java:202) ~[spring-beans-5.2.6.RELEASE.jar:5.2.6.RELEASE]
	at org.springframework.beans.factory.support.DefaultListableBeanFactory.preInstantiateSingletons(DefaultListableBeanFactory.java:895) ~[spring-beans-5.2.6.RELEASE.jar:5.2.6.RELEASE]
	at org.springframework.context.support.AbstractApplicationContext.finishBeanFactoryInitialization(AbstractApplicationContext.java:878) ~[spring-context-5.2.6.RELEASE.jar:5.2.6.RELEASE]
	at org.springframework.context.support.AbstractApplicationContext.refresh(AbstractApplicationContext.java:550) ~[spring-context-5.2.6.RELEASE.jar:5.2.6.RELEASE]
	at org.springframework.boot.SpringApplication.refresh(SpringApplication.java:758) ~[spring-boot-2.3.0.RELEASE.jar:2.3.0.RELEASE]
	at org.springframework.boot.SpringApplication.refresh(SpringApplication.java:750) ~[spring-boot-2.3.0.RELEASE.jar:2.3.0.RELEASE]
	at org.springframework.boot.SpringApplication.refreshContext(SpringApplication.java:397) ~[spring-boot-2.3.0.RELEASE.jar:2.3.0.RELEASE]
	at org.springframework.boot.SpringApplication.run(SpringApplication.java:315) ~[spring-boot-2.3.0.RELEASE.jar:2.3.0.RELEASE]
	at org.springframework.boot.test.context.SpringBootContextLoader.loadContext(SpringBootContextLoader.java:120) ~[spring-boot-test-2.3.0.RELEASE.jar:2.3.0.RELEASE]
	at org.springframework.test.context.cache.DefaultCacheAwareContextLoaderDelegate.loadContextInternal(DefaultCacheAwareContextLoaderDelegate.java:99) ~[spring-test-5.2.5.RELEASE.jar:5.2.5.RELEASE]
	at org.springframework.test.context.cache.DefaultCacheAwareContextLoaderDelegate.loadContext(DefaultCacheAwareContextLoaderDelegate.java:124) ~[spring-test-5.2.5.RELEASE.jar:5.2.5.RELEASE]
	at org.springframework.test.context.support.DefaultTestContext.getApplicationContext(DefaultTestContext.java:123) ~[spring-test-5.2.5.RELEASE.jar:5.2.5.RELEASE]
	at org.springframework.test.context.support.DependencyInjectionTestExecutionListener.injectDependencies(DependencyInjectionTestExecutionListener.java:118) ~[spring-test-5.2.5.RELEASE.jar:5.2.5.RELEASE]
	at org.springframework.test.context.support.DependencyInjectionTestExecutionListener.prepareTestInstance(DependencyInjectionTestExecutionListener.java:83) ~[spring-test-5.2.5.RELEASE.jar:5.2.5.RELEASE]
	at org.springframework.boot.test.autoconfigure.SpringBootDependencyInjectionTestExecutionListener.prepareTestInstance(SpringBootDependencyInjectionTestExecutionListener.java:43) ~[spring-boot-test-autoconfigure-2.3.0.RELEASE.jar:2.3.0.RELEASE]
	at org.springframework.test.context.TestContextManager.prepareTestInstance(TestContextManager.java:244) ~[spring-test-5.2.5.RELEASE.jar:5.2.5.RELEASE]
	at org.springframework.test.context.junit4.SpringJUnit4ClassRunner.createTest(SpringJUnit4ClassRunner.java:227) ~[spring-test-5.2.5.RELEASE.jar:5.2.5.RELEASE]
	at org.springframework.test.context.junit4.SpringJUnit4ClassRunner$1.runReflectiveCall(SpringJUnit4ClassRunner.java:289) ~[spring-test-5.2.5.RELEASE.jar:5.2.5.RELEASE]
	at org.junit.internal.runners.model.ReflectiveCallable.run(ReflectiveCallable.java:12) ~[junit-4.12.jar:4.12]
	at org.springframework.test.context.junit4.SpringJUnit4ClassRunner.methodBlock(SpringJUnit4ClassRunner.java:291) ~[spring-test-5.2.5.RELEASE.jar:5.2.5.RELEASE]
	at org.springframework.test.context.junit4.SpringJUnit4ClassRunner.runChild(SpringJUnit4ClassRunner.java:246) ~[spring-test-5.2.5.RELEASE.jar:5.2.5.RELEASE]
	at org.springframework.test.context.junit4.SpringJUnit4ClassRunner.runChild(SpringJUnit4ClassRunner.java:97) ~[spring-test-5.2.5.RELEASE.jar:5.2.5.RELEASE]
	at org.junit.runners.ParentRunner$3.run(ParentRunner.java:290) ~[junit-4.12.jar:4.12]
	at org.junit.runners.ParentRunner$1.schedule(ParentRunner.java:71) ~[junit-4.12.jar:4.12]
	at org.junit.runners.ParentRunner.runChildren(ParentRunner.java:288) ~[junit-4.12.jar:4.12]
	at org.junit.runners.ParentRunner.access$000(ParentRunner.java:58) ~[junit-4.12.jar:4.12]
	at org.junit.runners.ParentRunner$2.evaluate(ParentRunner.java:268) ~[junit-4.12.jar:4.12]
	at org.springframework.test.context.junit4.statements.RunBeforeTestClassCallbacks.evaluate(RunBeforeTestClassCallbacks.java:61) ~[spring-test-5.2.5.RELEASE.jar:5.2.5.RELEASE]
	at org.springframework.test.context.junit4.statements.RunAfterTestClassCallbacks.evaluate(RunAfterTestClassCallbacks.java:70) ~[spring-test-5.2.5.RELEASE.jar:5.2.5.RELEASE]
	at org.junit.runners.ParentRunner.run(ParentRunner.java:363) ~[junit-4.12.jar:4.12]
	at org.springframework.test.context.junit4.SpringJUnit4ClassRunner.run(SpringJUnit4ClassRunner.java:190) ~[spring-test-5.2.5.RELEASE.jar:5.2.5.RELEASE]
	at org.junit.runner.JUnitCore.run(JUnitCore.java:137) ~[junit-4.12.jar:4.12]
	at com.intellij.junit4.JUnit4IdeaTestRunner.startRunnerWithArgs(JUnit4IdeaTestRunner.java:69) ~[junit-rt.jar:na]
	at com.intellij.rt.junit.IdeaTestRunner$Repeater$1.execute(IdeaTestRunner.java:38) ~[junit-rt.jar:na]
	at com.intellij.rt.execution.junit.TestsRepeater.repeat(TestsRepeater.java:11) ~[idea_rt.jar:na]
	at com.intellij.rt.junit.IdeaTestRunner$Repeater.startRunnerWithArgs(IdeaTestRunner.java:35) ~[junit-rt.jar:na]
	at com.intellij.rt.junit.JUnitStarter.prepareStreamsAndStart(JUnitStarter.java:232) ~[junit-rt.jar:na]
	at com.intellij.rt.junit.JUnitStarter.main(JUnitStarter.java:55) ~[junit-rt.jar:na]
Caused by: java.lang.ExceptionInInitializerError: null
	at java.base/jdk.internal.reflect.NativeConstructorAccessorImpl.newInstance0(Native Method) ~[na:na]
	at java.base/jdk.internal.reflect.NativeConstructorAccessorImpl.newInstance(NativeConstructorAccessorImpl.java:77) ~[na:na]
	at java.base/jdk.internal.reflect.DelegatingConstructorAccessorImpl.newInstance(DelegatingConstructorAccessorImpl.java:45) ~[na:na]
	at java.base/java.lang.reflect.Constructor.newInstanceWithCaller(Constructor.java:499) ~[na:na]
	at java.base/java.lang.reflect.Constructor.newInstance(Constructor.java:480) ~[na:na]
	at org.springframework.beans.BeanUtils.instantiateClass(BeanUtils.java:204) ~[spring-beans-5.2.6.RELEASE.jar:5.2.6.RELEASE]
	at org.springframework.beans.factory.support.SimpleInstantiationStrategy.instantiate(SimpleInstantiationStrategy.java:87) ~[spring-beans-5.2.6.RELEASE.jar:5.2.6.RELEASE]
	at org.springframework.beans.factory.support.AbstractAutowireCapableBeanFactory.instantiateBean(AbstractAutowireCapableBeanFactory.java:1312) ~[spring-beans-5.2.6.RELEASE.jar:5.2.6.RELEASE]
	... 44 common frames omitted
Caused by: java.lang.IllegalStateException: Failed to create adaptive instance: java.lang.IllegalStateException: Can't create adaptive extension interface org.apache.dubbo.rpc.Protocol, cause: Unable to make protected final java.lang.Class java.lang.ClassLoader.defineClass(java.lang.String,byte[],int,int,java.security.ProtectionDomain) throws java.lang.ClassFormatError accessible: module java.base does not "opens java.lang" to unnamed module @61ca4046
	at org.apache.dubbo.common.extension.ExtensionLoader.getAdaptiveExtension(ExtensionLoader.java:486) ~[dubbo-2.7.3.jar:2.7.3]
	at org.apache.dubbo.config.ServiceConfig.<clinit>(ServiceConfig.java:119) ~[dubbo-2.7.3.jar:2.7.3]
	... 52 common frames omitted
Caused by: java.lang.IllegalStateException: Can't create adaptive extension interface org.apache.dubbo.rpc.Protocol, cause: Unable to make protected final java.lang.Class java.lang.ClassLoader.defineClass(java.lang.String,byte[],int,int,java.security.ProtectionDomain) throws java.lang.ClassFormatError accessible: module java.base does not "opens java.lang" to unnamed module @61ca4046
	at org.apache.dubbo.common.extension.ExtensionLoader.createAdaptiveExtension(ExtensionLoader.java:847) ~[dubbo-2.7.3.jar:2.7.3]
	at org.apache.dubbo.common.extension.ExtensionLoader.getAdaptiveExtension(ExtensionLoader.java:482) ~[dubbo-2.7.3.jar:2.7.3]
	... 53 common frames omitted
Caused by: java.lang.reflect.InaccessibleObjectException: Unable to make protected final java.lang.Class java.lang.ClassLoader.defineClass(java.lang.String,byte[],int,int,java.security.ProtectionDomain) throws java.lang.ClassFormatError accessible: module java.base does not "opens java.lang" to unnamed module @61ca4046
	at java.base/java.lang.reflect.AccessibleObject.checkCanSetAccessible(AccessibleObject.java:354) ~[na:na]
	at java.base/java.lang.reflect.AccessibleObject.checkCanSetAccessible(AccessibleObject.java:297) ~[na:na]
	at java.base/java.lang.reflect.Method.checkCanSetAccessible(Method.java:199) ~[na:na]
	at java.base/java.lang.reflect.Method.setAccessible(Method.java:193) ~[na:na]
	at javassist.ClassPool.toClass2(ClassPool.java:1181) ~[javassist-3.20.0-GA.jar:na]
	at javassist.ClassPool.toClass(ClassPool.java:1164) ~[javassist-3.20.0-GA.jar:na]
	at javassist.CtClass.toClass(CtClass.java:1305) ~[javassist-3.20.0-GA.jar:na]
	at org.apache.dubbo.common.compiler.support.JavassistCompiler.doCompile(JavassistCompiler.java:82) ~[dubbo-2.7.3.jar:2.7.3]
	at org.apache.dubbo.common.compiler.support.AbstractCompiler.compile(AbstractCompiler.java:58) ~[dubbo-2.7.3.jar:2.7.3]
	at org.apache.dubbo.common.compiler.support.AdaptiveCompiler.compile(AdaptiveCompiler.java:45) ~[dubbo-2.7.3.jar:2.7.3]
	at org.apache.dubbo.common.extension.ExtensionLoader.createAdaptiveExtensionClass(ExtensionLoader.java:863) ~[dubbo-2.7.3.jar:2.7.3]
	at org.apache.dubbo.common.extension.ExtensionLoader.getAdaptiveExtensionClass(ExtensionLoader.java:856) ~[dubbo-2.7.3.jar:2.7.3]
	at org.apache.dubbo.common.extension.ExtensionLoader.createAdaptiveExtension(ExtensionLoader.java:845) ~[dubbo-2.7.3.jar:2.7.3]
	... 54 common frames omitted

2026-07-29 10:20:16.067  INFO 20668 --- [main] e.OverrideDubboConfigApplicationListener : Dubbo Config was overridden by externalized configuration {dubbo.application.name=kano-project-provider, dubbo.application.qos-enable=false, dubbo.config.multiple=true, dubbo.protocol.threadpool=fixed, dubbo.protocol.threads=64, dubbo.provider.timeout=50000, dubbo.registry.address=zookeeper://101.132.187.120:2181}
2026-07-29 10:20:16.081  INFO 20668 --- [main] dubboImplTest.AiServiceTest              : Starting AiServiceTest on KanoLap with PID 20668 (started by 51227 in D:\javaProgram\KanoProject\kano-project-parent\kano-project-provider\kano-project-provider-provider)
2026-07-29 10:20:16.081  INFO 20668 --- [main] dubboImplTest.AiServiceTest              : No active profile set, falling back to default profiles: default
2026-07-29 10:20:16.341  INFO 20668 --- [main] .a.d.c.s.c.a.DubboConfigBindingRegistrar : The dubbo config bean definition [name : org.apache.dubbo.config.ApplicationConfig#0, class : org.apache.dubbo.config.ApplicationConfig] has been registered.
2026-07-29 10:20:16.341  INFO 20668 --- [main] .a.d.c.s.c.a.DubboConfigBindingRegistrar : The BeanPostProcessor bean definition [org.apache.dubbo.config.spring.beans.factory.annotation.DubboConfigBindingBeanPostProcessor] for dubbo config bean [name : org.apache.dubbo.config.ApplicationConfig#0] has been registered.
2026-07-29 10:20:16.341  INFO 20668 --- [main] .a.d.c.s.c.a.DubboConfigBindingRegistrar : The dubbo config bean definition [name : org.apache.dubbo.config.RegistryConfig#0, class : org.apache.dubbo.config.RegistryConfig] has been registered.
2026-07-29 10:20:16.341  INFO 20668 --- [main] .a.d.c.s.c.a.DubboConfigBindingRegistrar : The BeanPostProcessor bean definition [org.apache.dubbo.config.spring.beans.factory.annotation.DubboConfigBindingBeanPostProcessor] for dubbo config bean [name : org.apache.dubbo.config.RegistryConfig#0] has been registered.
2026-07-29 10:20:16.341  INFO 20668 --- [main] .a.d.c.s.c.a.DubboConfigBindingRegistrar : The dubbo config bean definition [name : org.apache.dubbo.config.ProtocolConfig#0, class : org.apache.dubbo.config.ProtocolConfig] has been registered.
2026-07-29 10:20:16.341  INFO 20668 --- [main] .a.d.c.s.c.a.DubboConfigBindingRegistrar : The BeanPostProcessor bean definition [org.apache.dubbo.config.spring.beans.factory.annotation.DubboConfigBindingBeanPostProcessor] for dubbo config bean [name : org.apache.dubbo.config.ProtocolConfig#0] has been registered.
2026-07-29 10:20:16.341  INFO 20668 --- [main] .a.d.c.s.c.a.DubboConfigBindingRegistrar : The dubbo config bean definition [name : org.apache.dubbo.config.ProviderConfig#0, class : org.apache.dubbo.config.ProviderConfig] has been registered.
2026-07-29 10:20:16.341  INFO 20668 --- [main] .a.d.c.s.c.a.DubboConfigBindingRegistrar : The BeanPostProcessor bean definition [org.apache.dubbo.config.spring.beans.factory.annotation.DubboConfigBindingBeanPostProcessor] for dubbo config bean [name : org.apache.dubbo.config.ProviderConfig#0] has been registered.
2026-07-29 10:20:16.350  INFO 20668 --- [main] .s.d.r.c.RepositoryConfigurationDelegate : Multiple Spring Data modules found, entering strict repository configuration mode!
2026-07-29 10:20:16.350  INFO 20668 --- [main] .s.d.r.c.RepositoryConfigurationDelegate : Bootstrapping Spring Data Redis repositories in DEFAULT mode.
2026-07-29 10:20:16.363  INFO 20668 --- [main] .s.d.r.c.RepositoryConfigurationDelegate : Finished Spring Data repository scanning in 10ms. Found 0 Redis repository interfaces.
2026-07-29 10:20:16.435  INFO 20668 --- [main] ptablePropertiesBeanFactoryPostProcessor : Post-processing PropertySource instances
2026-07-29 10:20:16.444  INFO 20668 --- [main] c.u.j.EncryptablePropertySourceConverter : Converting PropertySource configurationProperties [org.springframework.boot.context.properties.source.ConfigurationPropertySourcesPropertySource] to AOP Proxy
2026-07-29 10:20:16.444  INFO 20668 --- [main] c.u.j.EncryptablePropertySourceConverter : Converting PropertySource Inlined Test Properties [org.springframework.core.env.MapPropertySource] to EncryptableMapPropertySourceWrapper
2026-07-29 10:20:16.444  INFO 20668 --- [main] c.u.j.EncryptablePropertySourceConverter : Converting PropertySource systemProperties [org.springframework.core.env.PropertiesPropertySource] to EncryptableMapPropertySourceWrapper
2026-07-29 10:20:16.444  INFO 20668 --- [main] c.u.j.EncryptablePropertySourceConverter : Converting PropertySource systemEnvironment [org.springframework.boot.env.SystemEnvironmentPropertySourceEnvironmentPostProcessor$OriginAwareSystemEnvironmentPropertySource] to EncryptableMapPropertySourceWrapper
2026-07-29 10:20:16.444  INFO 20668 --- [main] c.u.j.EncryptablePropertySourceConverter : Converting PropertySource random [org.springframework.boot.env.RandomValuePropertySource] to EncryptablePropertySourceWrapper
2026-07-29 10:20:16.444  INFO 20668 --- [main] c.u.j.EncryptablePropertySourceConverter : Converting PropertySource applicationConfig: [classpath:/application.properties] [org.springframework.boot.env.OriginTrackedMapPropertySource] to EncryptableMapPropertySourceWrapper
2026-07-29 10:20:16.444  INFO 20668 --- [main] c.u.j.EncryptablePropertySourceConverter : Converting PropertySource defaultProperties [org.springframework.core.env.MapPropertySource] to EncryptableMapPropertySourceWrapper
2026-07-29 10:20:16.451  INFO 20668 --- [main] c.u.j.filter.DefaultLazyPropertyFilter   : Property Filter custom Bean not found with name 'encryptablePropertyFilter'. Initializing Default Property Filter
2026-07-29 10:20:16.480  INFO 20668 --- [main] trationDelegate$BeanPostProcessorChecker : Bean 'org.apache.dubbo.spring.boot.autoconfigure.DubboRelaxedBinding2AutoConfiguration' of type [org.apache.dubbo.spring.boot.autoconfigure.DubboRelaxedBinding2AutoConfiguration$$EnhancerBySpringCGLIB$$c9e0d72b] is not eligible for getting processed by all BeanPostProcessors (for example: not eligible for auto-proxying)
2026-07-29 10:20:16.503  INFO 20668 --- [main] trationDelegate$BeanPostProcessorChecker : Bean 'relaxedDubboConfigBinder' of type [org.apache.dubbo.spring.boot.autoconfigure.BinderDubboConfigBinder] is not eligible for getting processed by all BeanPostProcessors (for example: not eligible for auto-proxying)
2026-07-29 10:20:16.509  INFO 20668 --- [main] trationDelegate$BeanPostProcessorChecker : Bean 'relaxedDubboConfigBinder' of type [org.apache.dubbo.spring.boot.autoconfigure.BinderDubboConfigBinder] is not eligible for getting processed by all BeanPostProcessors (for example: not eligible for auto-proxying)
2026-07-29 10:20:16.509  INFO 20668 --- [main] trationDelegate$BeanPostProcessorChecker : Bean 'relaxedDubboConfigBinder' of type [org.apache.dubbo.spring.boot.autoconfigure.BinderDubboConfigBinder] is not eligible for getting processed by all BeanPostProcessors (for example: not eligible for auto-proxying)
2026-07-29 10:20:16.509  INFO 20668 --- [main] trationDelegate$BeanPostProcessorChecker : Bean 'relaxedDubboConfigBinder' of type [org.apache.dubbo.spring.boot.autoconfigure.BinderDubboConfigBinder] is not eligible for getting processed by all BeanPostProcessors (for example: not eligible for auto-proxying)
2026-07-29 10:20:16.517  INFO 20668 --- [main] c.u.j.r.DefaultLazyPropertyResolver      : Property Resolver custom Bean not found with name 'encryptablePropertyResolver'. Initializing Default Property Resolver
2026-07-29 10:20:16.517  INFO 20668 --- [main] c.u.j.d.DefaultLazyPropertyDetector      : Property Detector custom Bean not found with name 'encryptablePropertyDetector'. Initializing Default Property Detector
2026-07-29 10:20:16.566  INFO 20668 --- [main] c.a.d.s.b.a.DruidDataSourceAutoConfigure : Init DruidDataSource
2026-07-29 10:20:16.599  INFO 20668 --- [main] com.alibaba.druid.pool.DruidDataSource   : {dataSource-2} inited
2026-07-29 10:20:17.154  INFO 20668 --- [main] c.g.d.core.DozerBeanMapperBuilder        : Initializing Dozer. Version: 6.5.0, Thread Name: main
2026-07-29 10:20:17.154  INFO 20668 --- [main] d.c.c.r.LegacyPropertiesSettingsResolver : Trying to find Dozer configuration file: dozer.properties
2026-07-29 10:20:17.155  INFO 20668 --- [main] d.c.c.r.LegacyPropertiesSettingsResolver : Failed to find dozer.properties via com.github.dozermapper.core.config.resolvers.LegacyPropertiesSettingsResolver.
2026-07-29 10:20:17.211  INFO 20668 --- [main] .f.a.DubboConfigBindingBeanPostProcessor : The properties of bean [name : org.apache.dubbo.config.ApplicationConfig#0] have been binding by prefix of configuration properties : dubbo.application
2026-07-29 10:20:17.215  INFO 20668 --- [main] .f.a.DubboConfigBindingBeanPostProcessor : The properties of bean [name : org.apache.dubbo.config.RegistryConfig#0] have been binding by prefix of configuration properties : dubbo.registry
2026-07-29 10:20:17.220  INFO 20668 --- [main] .f.a.DubboConfigBindingBeanPostProcessor : The properties of bean [name : org.apache.dubbo.config.ProtocolConfig#0] have been binding by prefix of configuration properties : dubbo.protocol
2026-07-29 10:20:17.227  INFO 20668 --- [main] .f.a.DubboConfigBindingBeanPostProcessor : The properties of bean [name : org.apache.dubbo.config.ProviderConfig#0] have been binding by prefix of configuration properties : dubbo.provider
2026-07-29 10:20:17.386  INFO 20668 --- [main] org.quartz.impl.StdSchedulerFactory      : Using default implementation for ThreadExecutor
2026-07-29 10:20:17.386  INFO 20668 --- [main] org.quartz.core.SchedulerSignalerImpl    : Initialized Scheduler Signaller of type: class org.quartz.core.SchedulerSignalerImpl
2026-07-29 10:20:17.386  INFO 20668 --- [main] org.quartz.core.QuartzScheduler          : Quartz Scheduler v.2.3.2 created.
2026-07-29 10:20:17.386  INFO 20668 --- [main] org.quartz.simpl.RAMJobStore             : RAMJobStore initialized.
2026-07-29 10:20:17.386  INFO 20668 --- [main] org.quartz.core.QuartzScheduler          : Scheduler meta-data: Quartz Scheduler (v2.3.2) 'quartzScheduler' with instanceId 'NON_CLUSTERED'
  Scheduler class: 'org.quartz.core.QuartzScheduler' - running locally.
  NOT STARTED.
  Currently in standby mode.
  Number of jobs executed: 0
  Using thread pool 'org.quartz.simpl.SimpleThreadPool' - with 10 threads.
  Using job-store 'org.quartz.simpl.RAMJobStore' - which does not support persistence. and is not clustered.

2026-07-29 10:20:17.386  INFO 20668 --- [main] org.quartz.impl.StdSchedulerFactory      : Quartz scheduler 'quartzScheduler' initialized from an externally provided properties instance.
2026-07-29 10:20:17.386  INFO 20668 --- [main] org.quartz.impl.StdSchedulerFactory      : Quartz scheduler version: 2.3.2
2026-07-29 10:20:17.386  INFO 20668 --- [main] org.quartz.core.QuartzScheduler          : JobFactory set to: org.springframework.scheduling.quartz.SpringBeanJobFactory@66c259df
2026-07-29 10:20:17.442  WARN 20668 --- [main] s.c.a.AnnotationConfigApplicationContext : Exception encountered during context initialization - cancelling refresh attempt: org.springframework.beans.factory.BeanCreationException: Error creating bean with name 'ServiceBean:service.AiService': Instantiation of bean failed; nested exception is java.lang.NoClassDefFoundError: Could not initialize class org.apache.dubbo.config.spring.ServiceBean
2026-07-29 10:20:17.443  INFO 20668 --- [main] o.s.s.quartz.SchedulerFactoryBean        : Shutting down Quartz Scheduler
2026-07-29 10:20:17.443  INFO 20668 --- [main] org.quartz.core.QuartzScheduler          : Scheduler quartzScheduler_$_NON_CLUSTERED shutting down.
2026-07-29 10:20:17.443  INFO 20668 --- [main] org.quartz.core.QuartzScheduler          : Scheduler quartzScheduler_$_NON_CLUSTERED paused.
2026-07-29 10:20:17.443  INFO 20668 --- [main] org.quartz.core.QuartzScheduler          : Scheduler quartzScheduler_$_NON_CLUSTERED shutdown complete.
2026-07-29 10:20:17.447  INFO 20668 --- [main] com.alibaba.druid.pool.DruidDataSource   : {dataSource-2} closing ...
2026-07-29 10:20:17.447  INFO 20668 --- [main] com.alibaba.druid.pool.DruidDataSource   : {dataSource-2} closed
2026-07-29 10:20:17.447  INFO 20668 --- [main] f.a.ReferenceAnnotationBeanPostProcessor : class org.apache.dubbo.config.spring.beans.factory.annotation.ReferenceAnnotationBeanPostProcessor was destroying!
2026-07-29 10:20:17.450  INFO 20668 --- [main] ConditionEvaluationReportLoggingListener : 

Error starting ApplicationContext. To display the conditions report re-run your application with 'debug' enabled.
2026-07-29 10:20:17.453 ERROR 20668 --- [main] o.s.boot.SpringApplication               : Application run failed

org.springframework.beans.factory.BeanCreationException: Error creating bean with name 'ServiceBean:service.AiService': Instantiation of bean failed; nested exception is java.lang.NoClassDefFoundError: Could not initialize class org.apache.dubbo.config.spring.ServiceBean
	at org.springframework.beans.factory.support.AbstractAutowireCapableBeanFactory.instantiateBean(AbstractAutowireCapableBeanFactory.java:1320) ~[spring-beans-5.2.6.RELEASE.jar:5.2.6.RELEASE]
	at org.springframework.beans.factory.support.AbstractAutowireCapableBeanFactory.createBeanInstance(AbstractAutowireCapableBeanFactory.java:1214) ~[spring-beans-5.2.6.RELEASE.jar:5.2.6.RELEASE]
	at org.springframework.beans.factory.support.AbstractAutowireCapableBeanFactory.doCreateBean(AbstractAutowireCapableBeanFactory.java:557) ~[spring-beans-5.2.6.RELEASE.jar:5.2.6.RELEASE]
	at org.springframework.beans.factory.support.AbstractAutowireCapableBeanFactory.createBean(AbstractAutowireCapableBeanFactory.java:517) ~[spring-beans-5.2.6.RELEASE.jar:5.2.6.RELEASE]
	at org.springframework.beans.factory.support.AbstractBeanFactory.lambda$doGetBean$0(AbstractBeanFactory.java:323) ~[spring-beans-5.2.6.RELEASE.jar:5.2.6.RELEASE]
	at org.springframework.beans.factory.support.DefaultSingletonBeanRegistry.getSingleton(DefaultSingletonBeanRegistry.java:226) ~[spring-beans-5.2.6.RELEASE.jar:5.2.6.RELEASE]
	at org.springframework.beans.factory.support.AbstractBeanFactory.doGetBean(AbstractBeanFactory.java:321) ~[spring-beans-5.2.6.RELEASE.jar:5.2.6.RELEASE]
	at org.springframework.beans.factory.support.AbstractBeanFactory.getBean(AbstractBeanFactory.java:202) ~[spring-beans-5.2.6.RELEASE.jar:5.2.6.RELEASE]
	at org.springframework.beans.factory.support.DefaultListableBeanFactory.preInstantiateSingletons(DefaultListableBeanFactory.java:895) ~[spring-beans-5.2.6.RELEASE.jar:5.2.6.RELEASE]
	at org.springframework.context.support.AbstractApplicationContext.finishBeanFactoryInitialization(AbstractApplicationContext.java:878) ~[spring-context-5.2.6.RELEASE.jar:5.2.6.RELEASE]
	at org.springframework.context.support.AbstractApplicationContext.refresh(AbstractApplicationContext.java:550) ~[spring-context-5.2.6.RELEASE.jar:5.2.6.RELEASE]
	at org.springframework.boot.SpringApplication.refresh(SpringApplication.java:758) ~[spring-boot-2.3.0.RELEASE.jar:2.3.0.RELEASE]
	at org.springframework.boot.SpringApplication.refresh(SpringApplication.java:750) ~[spring-boot-2.3.0.RELEASE.jar:2.3.0.RELEASE]
	at org.springframework.boot.SpringApplication.refreshContext(SpringApplication.java:397) ~[spring-boot-2.3.0.RELEASE.jar:2.3.0.RELEASE]
	at org.springframework.boot.SpringApplication.run(SpringApplication.java:315) ~[spring-boot-2.3.0.RELEASE.jar:2.3.0.RELEASE]
	at org.springframework.boot.test.context.SpringBootContextLoader.loadContext(SpringBootContextLoader.java:120) ~[spring-boot-test-2.3.0.RELEASE.jar:2.3.0.RELEASE]
	at org.springframework.test.context.cache.DefaultCacheAwareContextLoaderDelegate.loadContextInternal(DefaultCacheAwareContextLoaderDelegate.java:99) ~[spring-test-5.2.5.RELEASE.jar:5.2.5.RELEASE]
	at org.springframework.test.context.cache.DefaultCacheAwareContextLoaderDelegate.loadContext(DefaultCacheAwareContextLoaderDelegate.java:124) ~[spring-test-5.2.5.RELEASE.jar:5.2.5.RELEASE]
	at org.springframework.test.context.support.DefaultTestContext.getApplicationContext(DefaultTestContext.java:123) ~[spring-test-5.2.5.RELEASE.jar:5.2.5.RELEASE]
	at org.springframework.boot.test.autoconfigure.SpringBootDependencyInjectionTestExecutionListener.outputConditionEvaluationReport(SpringBootDependencyInjectionTestExecutionListener.java:53) ~[spring-boot-test-autoconfigure-2.3.0.RELEASE.jar:2.3.0.RELEASE]
	at org.springframework.boot.test.autoconfigure.SpringBootDependencyInjectionTestExecutionListener.prepareTestInstance(SpringBootDependencyInjectionTestExecutionListener.java:46) ~[spring-boot-test-autoconfigure-2.3.0.RELEASE.jar:2.3.0.RELEASE]
	at org.springframework.test.context.TestContextManager.prepareTestInstance(TestContextManager.java:244) ~[spring-test-5.2.5.RELEASE.jar:5.2.5.RELEASE]
	at org.springframework.test.context.junit4.SpringJUnit4ClassRunner.createTest(SpringJUnit4ClassRunner.java:227) ~[spring-test-5.2.5.RELEASE.jar:5.2.5.RELEASE]
	at org.springframework.test.context.junit4.SpringJUnit4ClassRunner$1.runReflectiveCall(SpringJUnit4ClassRunner.java:289) ~[spring-test-5.2.5.RELEASE.jar:5.2.5.RELEASE]
	at org.junit.internal.runners.model.ReflectiveCallable.run(ReflectiveCallable.java:12) ~[junit-4.12.jar:4.12]
	at org.springframework.test.context.junit4.SpringJUnit4ClassRunner.methodBlock(SpringJUnit4ClassRunner.java:291) ~[spring-test-5.2.5.RELEASE.jar:5.2.5.RELEASE]
	at org.springframework.test.context.junit4.SpringJUnit4ClassRunner.runChild(SpringJUnit4ClassRunner.java:246) ~[spring-test-5.2.5.RELEASE.jar:5.2.5.RELEASE]
	at org.springframework.test.context.junit4.SpringJUnit4ClassRunner.runChild(SpringJUnit4ClassRunner.java:97) ~[spring-test-5.2.5.RELEASE.jar:5.2.5.RELEASE]
	at org.junit.runners.ParentRunner$3.run(ParentRunner.java:290) ~[junit-4.12.jar:4.12]
	at org.junit.runners.ParentRunner$1.schedule(ParentRunner.java:71) ~[junit-4.12.jar:4.12]
	at org.junit.runners.ParentRunner.runChildren(ParentRunner.java:288) ~[junit-4.12.jar:4.12]
	at org.junit.runners.ParentRunner.access$000(ParentRunner.java:58) ~[junit-4.12.jar:4.12]
	at org.junit.runners.ParentRunner$2.evaluate(ParentRunner.java:268) ~[junit-4.12.jar:4.12]
	at org.springframework.test.context.junit4.statements.RunBeforeTestClassCallbacks.evaluate(RunBeforeTestClassCallbacks.java:61) ~[spring-test-5.2.5.RELEASE.jar:5.2.5.RELEASE]
	at org.springframework.test.context.junit4.statements.RunAfterTestClassCallbacks.evaluate(RunAfterTestClassCallbacks.java:70) ~[spring-test-5.2.5.RELEASE.jar:5.2.5.RELEASE]
	at org.junit.runners.ParentRunner.run(ParentRunner.java:363) ~[junit-4.12.jar:4.12]
	at org.springframework.test.context.junit4.SpringJUnit4ClassRunner.run(SpringJUnit4ClassRunner.java:190) ~[spring-test-5.2.5.RELEASE.jar:5.2.5.RELEASE]
	at org.junit.runner.JUnitCore.run(JUnitCore.java:137) ~[junit-4.12.jar:4.12]
	at com.intellij.junit4.JUnit4IdeaTestRunner.startRunnerWithArgs(JUnit4IdeaTestRunner.java:69) ~[junit-rt.jar:na]
	at com.intellij.rt.junit.IdeaTestRunner$Repeater$1.execute(IdeaTestRunner.java:38) ~[junit-rt.jar:na]
	at com.intellij.rt.execution.junit.TestsRepeater.repeat(TestsRepeater.java:11) ~[idea_rt.jar:na]
	at com.intellij.rt.junit.IdeaTestRunner$Repeater.startRunnerWithArgs(IdeaTestRunner.java:35) ~[junit-rt.jar:na]
	at com.intellij.rt.junit.JUnitStarter.prepareStreamsAndStart(JUnitStarter.java:232) ~[junit-rt.jar:na]
	at com.intellij.rt.junit.JUnitStarter.main(JUnitStarter.java:55) ~[junit-rt.jar:na]
Caused by: java.lang.NoClassDefFoundError: Could not initialize class org.apache.dubbo.config.spring.ServiceBean
	at java.base/jdk.internal.reflect.NativeConstructorAccessorImpl.newInstance0(Native Method) ~[na:na]
	at java.base/jdk.internal.reflect.NativeConstructorAccessorImpl.newInstance(NativeConstructorAccessorImpl.java:77) ~[na:na]
	at java.base/jdk.internal.reflect.DelegatingConstructorAccessorImpl.newInstance(DelegatingConstructorAccessorImpl.java:45) ~[na:na]
	at java.base/java.lang.reflect.Constructor.newInstanceWithCaller(Constructor.java:499) ~[na:na]
	at java.base/java.lang.reflect.Constructor.newInstance(Constructor.java:480) ~[na:na]
	at org.springframework.beans.BeanUtils.instantiateClass(BeanUtils.java:204) ~[spring-beans-5.2.6.RELEASE.jar:5.2.6.RELEASE]
	at org.springframework.beans.factory.support.SimpleInstantiationStrategy.instantiate(SimpleInstantiationStrategy.java:87) ~[spring-beans-5.2.6.RELEASE.jar:5.2.6.RELEASE]
	at org.springframework.beans.factory.support.AbstractAutowireCapableBeanFactory.instantiateBean(AbstractAutowireCapableBeanFactory.java:1312) ~[spring-beans-5.2.6.RELEASE.jar:5.2.6.RELEASE]
	... 43 common frames omitted
Caused by: java.lang.ExceptionInInitializerError: Exception java.lang.ExceptionInInitializerError [in thread "main"]
	at java.base/jdk.internal.reflect.NativeConstructorAccessorImpl.newInstance0(Native Method) ~[na:na]
	at java.base/jdk.internal.reflect.NativeConstructorAccessorImpl.newInstance(NativeConstructorAccessorImpl.java:77) ~[na:na]
	at java.base/jdk.internal.reflect.DelegatingConstructorAccessorImpl.newInstance(DelegatingConstructorAccessorImpl.java:45) ~[na:na]
	at java.base/java.lang.reflect.Constructor.newInstanceWithCaller(Constructor.java:499) ~[na:na]
	at java.base/java.lang.reflect.Constructor.newInstance(Constructor.java:480) ~[na:na]
	at org.springframework.beans.BeanUtils.instantiateClass(BeanUtils.java:204) ~[spring-beans-5.2.6.RELEASE.jar:5.2.6.RELEASE]
	at org.springframework.beans.factory.support.SimpleInstantiationStrategy.instantiate(SimpleInstantiationStrategy.java:87) ~[spring-beans-5.2.6.RELEASE.jar:5.2.6.RELEASE]
	at org.springframework.beans.factory.support.AbstractAutowireCapableBeanFactory.instantiateBean(AbstractAutowireCapableBeanFactory.java:1312) ~[spring-beans-5.2.6.RELEASE.jar:5.2.6.RELEASE]
	at org.springframework.beans.factory.support.AbstractAutowireCapableBeanFactory.createBeanInstance(AbstractAutowireCapableBeanFactory.java:1214) ~[spring-beans-5.2.6.RELEASE.jar:5.2.6.RELEASE]
	at org.springframework.beans.factory.support.AbstractAutowireCapableBeanFactory.doCreateBean(AbstractAutowireCapableBeanFactory.java:557) ~[spring-beans-5.2.6.RELEASE.jar:5.2.6.RELEASE]
	at org.springframework.beans.factory.support.AbstractAutowireCapableBeanFactory.createBean(AbstractAutowireCapableBeanFactory.java:517) ~[spring-beans-5.2.6.RELEASE.jar:5.2.6.RELEASE]
	at org.springframework.beans.factory.support.AbstractBeanFactory.lambda$doGetBean$0(AbstractBeanFactory.java:323) ~[spring-beans-5.2.6.RELEASE.jar:5.2.6.RELEASE]
	at org.springframework.beans.factory.support.DefaultSingletonBeanRegistry.getSingleton(DefaultSingletonBeanRegistry.java:226) ~[spring-beans-5.2.6.RELEASE.jar:5.2.6.RELEASE]
	at org.springframework.beans.factory.support.AbstractBeanFactory.doGetBean(AbstractBeanFactory.java:321) ~[spring-beans-5.2.6.RELEASE.jar:5.2.6.RELEASE]
	at org.springframework.beans.factory.support.AbstractBeanFactory.getBean(AbstractBeanFactory.java:202) ~[spring-beans-5.2.6.RELEASE.jar:5.2.6.RELEASE]
	at org.springframework.beans.factory.support.DefaultListableBeanFactory.preInstantiateSingletons(DefaultListableBeanFactory.java:895) ~[spring-beans-5.2.6.RELEASE.jar:5.2.6.RELEASE]
	at org.springframework.context.support.AbstractApplicationContext.finishBeanFactoryInitialization(AbstractApplicationContext.java:878) ~[spring-context-5.2.6.RELEASE.jar:5.2.6.RELEASE]
	at org.springframework.context.support.AbstractApplicationContext.refresh(AbstractApplicationContext.java:550) ~[spring-context-5.2.6.RELEASE.jar:5.2.6.RELEASE]
	at org.springframework.boot.SpringApplication.refresh(SpringApplication.java:758) ~[spring-boot-2.3.0.RELEASE.jar:2.3.0.RELEASE]
	at org.springframework.boot.SpringApplication.refresh(SpringApplication.java:750) ~[spring-boot-2.3.0.RELEASE.jar:2.3.0.RELEASE]
	at org.springframework.boot.SpringApplication.refreshContext(SpringApplication.java:397) ~[spring-boot-2.3.0.RELEASE.jar:2.3.0.RELEASE]
	at org.springframework.boot.SpringApplication.run(SpringApplication.java:315) ~[spring-boot-2.3.0.RELEASE.jar:2.3.0.RELEASE]
	at org.springframework.boot.test.context.SpringBootContextLoader.loadContext(SpringBootContextLoader.java:120) ~[spring-boot-test-2.3.0.RELEASE.jar:2.3.0.RELEASE]
	at org.springframework.test.context.cache.DefaultCacheAwareContextLoaderDelegate.loadContextInternal(DefaultCacheAwareContextLoaderDelegate.java:99) ~[spring-test-5.2.5.RELEASE.jar:5.2.5.RELEASE]
	at org.springframework.test.context.cache.DefaultCacheAwareContextLoaderDelegate.loadContext(DefaultCacheAwareContextLoaderDelegate.java:124) ~[spring-test-5.2.5.RELEASE.jar:5.2.5.RELEASE]
	at org.springframework.test.context.support.DefaultTestContext.getApplicationContext(DefaultTestContext.java:123) ~[spring-test-5.2.5.RELEASE.jar:5.2.5.RELEASE]
	at org.springframework.test.context.support.DependencyInjectionTestExecutionListener.injectDependencies(DependencyInjectionTestExecutionListener.java:118) ~[spring-test-5.2.5.RELEASE.jar:5.2.5.RELEASE]
	at org.springframework.test.context.support.DependencyInjectionTestExecutionListener.prepareTestInstance(DependencyInjectionTestExecutionListener.java:83) ~[spring-test-5.2.5.RELEASE.jar:5.2.5.RELEASE]
	at org.springframework.boot.test.autoconfigure.SpringBootDependencyInjectionTestExecutionListener.prepareTestInstance(SpringBootDependencyInjectionTestExecutionListener.java:43) ~[spring-boot-test-autoconfigure-2.3.0.RELEASE.jar:2.3.0.RELEASE]
	... 23 common frames omitted

2026-07-29 10:20:17.455 ERROR 20668 --- [main] o.s.test.context.TestContextManager      : Caught exception while allowing TestExecutionListener [org.springframework.boot.test.autoconfigure.SpringBootDependencyInjectionTestExecutionListener@3b0fe47a] to prepare test instance [dubboImplTest.AiServiceTest@4c163e3]

java.lang.IllegalStateException: Failed to load ApplicationContext
	at org.springframework.test.context.cache.DefaultCacheAwareContextLoaderDelegate.loadContext(DefaultCacheAwareContextLoaderDelegate.java:132) ~[spring-test-5.2.5.RELEASE.jar:5.2.5.RELEASE]
	at org.springframework.test.context.support.DefaultTestContext.getApplicationContext(DefaultTestContext.java:123) ~[spring-test-5.2.5.RELEASE.jar:5.2.5.RELEASE]
	at org.springframework.test.context.support.DependencyInjectionTestExecutionListener.injectDependencies(DependencyInjectionTestExecutionListener.java:118) ~[spring-test-5.2.5.RELEASE.jar:5.2.5.RELEASE]
	at org.springframework.test.context.support.DependencyInjectionTestExecutionListener.prepareTestInstance(DependencyInjectionTestExecutionListener.java:83) ~[spring-test-5.2.5.RELEASE.jar:5.2.5.RELEASE]
	at org.springframework.boot.test.autoconfigure.SpringBootDependencyInjectionTestExecutionListener.prepareTestInstance(SpringBootDependencyInjectionTestExecutionListener.java:43) ~[spring-boot-test-autoconfigure-2.3.0.RELEASE.jar:2.3.0.RELEASE]
	at org.springframework.test.context.TestContextManager.prepareTestInstance(TestContextManager.java:244) ~[spring-test-5.2.5.RELEASE.jar:5.2.5.RELEASE]
	at org.springframework.test.context.junit4.SpringJUnit4ClassRunner.createTest(SpringJUnit4ClassRunner.java:227) ~[spring-test-5.2.5.RELEASE.jar:5.2.5.RELEASE]
	at org.springframework.test.context.junit4.SpringJUnit4ClassRunner$1.runReflectiveCall(SpringJUnit4ClassRunner.java:289) ~[spring-test-5.2.5.RELEASE.jar:5.2.5.RELEASE]
	at org.junit.internal.runners.model.ReflectiveCallable.run(ReflectiveCallable.java:12) ~[junit-4.12.jar:4.12]
	at org.springframework.test.context.junit4.SpringJUnit4ClassRunner.methodBlock(SpringJUnit4ClassRunner.java:291) ~[spring-test-5.2.5.RELEASE.jar:5.2.5.RELEASE]
	at org.springframework.test.context.junit4.SpringJUnit4ClassRunner.runChild(SpringJUnit4ClassRunner.java:246) ~[spring-test-5.2.5.RELEASE.jar:5.2.5.RELEASE]
	at org.springframework.test.context.junit4.SpringJUnit4ClassRunner.runChild(SpringJUnit4ClassRunner.java:97) ~[spring-test-5.2.5.RELEASE.jar:5.2.5.RELEASE]
	at org.junit.runners.ParentRunner$3.run(ParentRunner.java:290) ~[junit-4.12.jar:4.12]
	at org.junit.runners.ParentRunner$1.schedule(ParentRunner.java:71) ~[junit-4.12.jar:4.12]
	at org.junit.runners.ParentRunner.runChildren(ParentRunner.java:288) ~[junit-4.12.jar:4.12]
	at org.junit.runners.ParentRunner.access$000(ParentRunner.java:58) ~[junit-4.12.jar:4.12]
	at org.junit.runners.ParentRunner$2.evaluate(ParentRunner.java:268) ~[junit-4.12.jar:4.12]
	at org.springframework.test.context.junit4.statements.RunBeforeTestClassCallbacks.evaluate(RunBeforeTestClassCallbacks.java:61) ~[spring-test-5.2.5.RELEASE.jar:5.2.5.RELEASE]
	at org.springframework.test.context.junit4.statements.RunAfterTestClassCallbacks.evaluate(RunAfterTestClassCallbacks.java:70) ~[spring-test-5.2.5.RELEASE.jar:5.2.5.RELEASE]
	at org.junit.runners.ParentRunner.run(ParentRunner.java:363) ~[junit-4.12.jar:4.12]
	at org.springframework.test.context.junit4.SpringJUnit4ClassRunner.run(SpringJUnit4ClassRunner.java:190) ~[spring-test-5.2.5.RELEASE.jar:5.2.5.RELEASE]
	at org.junit.runner.JUnitCore.run(JUnitCore.java:137) ~[junit-4.12.jar:4.12]
	at com.intellij.junit4.JUnit4IdeaTestRunner.startRunnerWithArgs(JUnit4IdeaTestRunner.java:69) ~[junit-rt.jar:na]
	at com.intellij.rt.junit.IdeaTestRunner$Repeater$1.execute(IdeaTestRunner.java:38) ~[junit-rt.jar:na]
	at com.intellij.rt.execution.junit.TestsRepeater.repeat(TestsRepeater.java:11) ~[idea_rt.jar:na]
	at com.intellij.rt.junit.IdeaTestRunner$Repeater.startRunnerWithArgs(IdeaTestRunner.java:35) ~[junit-rt.jar:na]
	at com.intellij.rt.junit.JUnitStarter.prepareStreamsAndStart(JUnitStarter.java:232) ~[junit-rt.jar:na]
	at com.intellij.rt.junit.JUnitStarter.main(JUnitStarter.java:55) ~[junit-rt.jar:na]
Caused by: org.springframework.beans.factory.BeanCreationException: Error creating bean with name 'ServiceBean:service.AiService': Instantiation of bean failed; nested exception is java.lang.ExceptionInInitializerError
	at org.springframework.beans.factory.support.AbstractAutowireCapableBeanFactory.instantiateBean(AbstractAutowireCapableBeanFactory.java:1320) ~[spring-beans-5.2.6.RELEASE.jar:5.2.6.RELEASE]
	at org.springframework.beans.factory.support.AbstractAutowireCapableBeanFactory.createBeanInstance(AbstractAutowireCapableBeanFactory.java:1214) ~[spring-beans-5.2.6.RELEASE.jar:5.2.6.RELEASE]
	at org.springframework.beans.factory.support.AbstractAutowireCapableBeanFactory.doCreateBean(AbstractAutowireCapableBeanFactory.java:557) ~[spring-beans-5.2.6.RELEASE.jar:5.2.6.RELEASE]
	at org.springframework.beans.factory.support.AbstractAutowireCapableBeanFactory.createBean(AbstractAutowireCapableBeanFactory.java:517) ~[spring-beans-5.2.6.RELEASE.jar:5.2.6.RELEASE]
	at org.springframework.beans.factory.support.AbstractBeanFactory.lambda$doGetBean$0(AbstractBeanFactory.java:323) ~[spring-beans-5.2.6.RELEASE.jar:5.2.6.RELEASE]
	at org.springframework.beans.factory.support.DefaultSingletonBeanRegistry.getSingleton(DefaultSingletonBeanRegistry.java:226) ~[spring-beans-5.2.6.RELEASE.jar:5.2.6.RELEASE]
	at org.springframework.beans.factory.support.AbstractBeanFactory.doGetBean(AbstractBeanFactory.java:321) ~[spring-beans-5.2.6.RELEASE.jar:5.2.6.RELEASE]
	at org.springframework.beans.factory.support.AbstractBeanFactory.getBean(AbstractBeanFactory.java:202) ~[spring-beans-5.2.6.RELEASE.jar:5.2.6.RELEASE]
	at org.springframework.beans.factory.support.DefaultListableBeanFactory.preInstantiateSingletons(DefaultListableBeanFactory.java:895) ~[spring-beans-5.2.6.RELEASE.jar:5.2.6.RELEASE]
	at org.springframework.context.support.AbstractApplicationContext.finishBeanFactoryInitialization(AbstractApplicationContext.java:878) ~[spring-context-5.2.6.RELEASE.jar:5.2.6.RELEASE]
	at org.springframework.context.support.AbstractApplicationContext.refresh(AbstractApplicationContext.java:550) ~[spring-context-5.2.6.RELEASE.jar:5.2.6.RELEASE]
	at org.springframework.boot.SpringApplication.refresh(SpringApplication.java:758) ~[spring-boot-2.3.0.RELEASE.jar:2.3.0.RELEASE]
	at org.springframework.boot.SpringApplication.refresh(SpringApplication.java:750) ~[spring-boot-2.3.0.RELEASE.jar:2.3.0.RELEASE]
	at org.springframework.boot.SpringApplication.refreshContext(SpringApplication.java:397) ~[spring-boot-2.3.0.RELEASE.jar:2.3.0.RELEASE]
	at org.springframework.boot.SpringApplication.run(SpringApplication.java:315) ~[spring-boot-2.3.0.RELEASE.jar:2.3.0.RELEASE]
	at org.springframework.boot.test.context.SpringBootContextLoader.loadContext(SpringBootContextLoader.java:120) ~[spring-boot-test-2.3.0.RELEASE.jar:2.3.0.RELEASE]
	at org.springframework.test.context.cache.DefaultCacheAwareContextLoaderDelegate.loadContextInternal(DefaultCacheAwareContextLoaderDelegate.java:99) ~[spring-test-5.2.5.RELEASE.jar:5.2.5.RELEASE]
	at org.springframework.test.context.cache.DefaultCacheAwareContextLoaderDelegate.loadContext(DefaultCacheAwareContextLoaderDelegate.java:124) ~[spring-test-5.2.5.RELEASE.jar:5.2.5.RELEASE]
	... 27 common frames omitted
Caused by: java.lang.ExceptionInInitializerError: null
	at java.base/jdk.internal.reflect.NativeConstructorAccessorImpl.newInstance0(Native Method) ~[na:na]
	at java.base/jdk.internal.reflect.NativeConstructorAccessorImpl.newInstance(NativeConstructorAccessorImpl.java:77) ~[na:na]
	at java.base/jdk.internal.reflect.DelegatingConstructorAccessorImpl.newInstance(DelegatingConstructorAccessorImpl.java:45) ~[na:na]
	at java.base/java.lang.reflect.Constructor.newInstanceWithCaller(Constructor.java:499) ~[na:na]
	at java.base/java.lang.reflect.Constructor.newInstance(Constructor.java:480) ~[na:na]
	at org.springframework.beans.BeanUtils.instantiateClass(BeanUtils.java:204) ~[spring-beans-5.2.6.RELEASE.jar:5.2.6.RELEASE]
	at org.springframework.beans.factory.support.SimpleInstantiationStrategy.instantiate(SimpleInstantiationStrategy.java:87) ~[spring-beans-5.2.6.RELEASE.jar:5.2.6.RELEASE]
	at org.springframework.beans.factory.support.AbstractAutowireCapableBeanFactory.instantiateBean(AbstractAutowireCapableBeanFactory.java:1312) ~[spring-beans-5.2.6.RELEASE.jar:5.2.6.RELEASE]
	... 44 common frames omitted
Caused by: java.lang.IllegalStateException: Failed to create adaptive instance: java.lang.IllegalStateException: Can't create adaptive extension interface org.apache.dubbo.rpc.Protocol, cause: Unable to make protected final java.lang.Class java.lang.ClassLoader.defineClass(java.lang.String,byte[],int,int,java.security.ProtectionDomain) throws java.lang.ClassFormatError accessible: module java.base does not "opens java.lang" to unnamed module @61ca4046
	at org.apache.dubbo.common.extension.ExtensionLoader.getAdaptiveExtension(ExtensionLoader.java:486) ~[dubbo-2.7.3.jar:2.7.3]
	at org.apache.dubbo.config.ServiceConfig.<clinit>(ServiceConfig.java:119) ~[dubbo-2.7.3.jar:2.7.3]
	... 52 common frames omitted
Caused by: java.lang.IllegalStateException: Can't create adaptive extension interface org.apache.dubbo.rpc.Protocol, cause: Unable to make protected final java.lang.Class java.lang.ClassLoader.defineClass(java.lang.String,byte[],int,int,java.security.ProtectionDomain) throws java.lang.ClassFormatError accessible: module java.base does not "opens java.lang" to unnamed module @61ca4046
	at org.apache.dubbo.common.extension.ExtensionLoader.createAdaptiveExtension(ExtensionLoader.java:847) ~[dubbo-2.7.3.jar:2.7.3]
	at org.apache.dubbo.common.extension.ExtensionLoader.getAdaptiveExtension(ExtensionLoader.java:482) ~[dubbo-2.7.3.jar:2.7.3]
	... 53 common frames omitted
Caused by: java.lang.reflect.InaccessibleObjectException: Unable to make protected final java.lang.Class java.lang.ClassLoader.defineClass(java.lang.String,byte[],int,int,java.security.ProtectionDomain) throws java.lang.ClassFormatError accessible: module java.base does not "opens java.lang" to unnamed module @61ca4046
	at java.base/java.lang.reflect.AccessibleObject.checkCanSetAccessible(AccessibleObject.java:354) ~[na:na]
	at java.base/java.lang.reflect.AccessibleObject.checkCanSetAccessible(AccessibleObject.java:297) ~[na:na]
	at java.base/java.lang.reflect.Method.checkCanSetAccessible(Method.java:199) ~[na:na]
	at java.base/java.lang.reflect.Method.setAccessible(Method.java:193) ~[na:na]
	at javassist.ClassPool.toClass2(ClassPool.java:1181) ~[javassist-3.20.0-GA.jar:na]
	at javassist.ClassPool.toClass(ClassPool.java:1164) ~[javassist-3.20.0-GA.jar:na]
	at javassist.CtClass.toClass(CtClass.java:1305) ~[javassist-3.20.0-GA.jar:na]
	at org.apache.dubbo.common.compiler.support.JavassistCompiler.doCompile(JavassistCompiler.java:82) ~[dubbo-2.7.3.jar:2.7.3]
	at org.apache.dubbo.common.compiler.support.AbstractCompiler.compile(AbstractCompiler.java:58) ~[dubbo-2.7.3.jar:2.7.3]
	at org.apache.dubbo.common.compiler.support.AdaptiveCompiler.compile(AdaptiveCompiler.java:45) ~[dubbo-2.7.3.jar:2.7.3]
	at org.apache.dubbo.common.extension.ExtensionLoader.createAdaptiveExtensionClass(ExtensionLoader.java:863) ~[dubbo-2.7.3.jar:2.7.3]
	at org.apache.dubbo.common.extension.ExtensionLoader.getAdaptiveExtensionClass(ExtensionLoader.java:856) ~[dubbo-2.7.3.jar:2.7.3]
	at org.apache.dubbo.common.extension.ExtensionLoader.createAdaptiveExtension(ExtensionLoader.java:845) ~[dubbo-2.7.3.jar:2.7.3]
	... 54 common frames omitted

2026-07-29 10:23:35.048  INFO 18608 --- [main] d.s.b.c.e.WelcomeLogoApplicationListener : 

 :: Dubbo Spring Boot (v2.7.3) : https://github.com/apache/dubbo-spring-boot-project
 :: Dubbo (v2.7.3) : https://github.com/apache/incubator-dubbo
 :: Discuss group : dev@dubbo.apache.org

2026-07-29 10:23:35.048  INFO 18608 --- [main] e.OverrideDubboConfigApplicationListener : Dubbo Config was overridden by externalized configuration {dubbo.application.name=kano-project-provider, dubbo.application.qos-enable=false, dubbo.config.multiple=true, dubbo.protocol.threadpool=fixed, dubbo.protocol.threads=64, dubbo.provider.timeout=50000, dubbo.registry.address=zookeeper://101.132.187.120:2181}
2026-07-29 10:23:35.145  INFO 18608 --- [main] dubboImplTest.AiServiceTest              : Starting AiServiceTest on KanoLap with PID 18608 (started by 51227 in D:\javaProgram\KanoProject\kano-project-parent\kano-project-provider\kano-project-provider-provider)
2026-07-29 10:23:35.145  INFO 18608 --- [main] dubboImplTest.AiServiceTest              : No active profile set, falling back to default profiles: default
2026-07-29 10:23:35.586  INFO 18608 --- [main] .a.d.c.s.c.a.DubboConfigBindingRegistrar : The dubbo config bean definition [name : org.apache.dubbo.config.ApplicationConfig#0, class : org.apache.dubbo.config.ApplicationConfig] has been registered.
2026-07-29 10:23:35.588  INFO 18608 --- [main] .a.d.c.s.c.a.DubboConfigBindingRegistrar : The BeanPostProcessor bean definition [org.apache.dubbo.config.spring.beans.factory.annotation.DubboConfigBindingBeanPostProcessor] for dubbo config bean [name : org.apache.dubbo.config.ApplicationConfig#0] has been registered.
2026-07-29 10:23:35.588  INFO 18608 --- [main] .a.d.c.s.c.a.DubboConfigBindingRegistrar : The dubbo config bean definition [name : org.apache.dubbo.config.RegistryConfig#0, class : org.apache.dubbo.config.RegistryConfig] has been registered.
2026-07-29 10:23:35.588  INFO 18608 --- [main] .a.d.c.s.c.a.DubboConfigBindingRegistrar : The BeanPostProcessor bean definition [org.apache.dubbo.config.spring.beans.factory.annotation.DubboConfigBindingBeanPostProcessor] for dubbo config bean [name : org.apache.dubbo.config.RegistryConfig#0] has been registered.
2026-07-29 10:23:35.588  INFO 18608 --- [main] .a.d.c.s.c.a.DubboConfigBindingRegistrar : The dubbo config bean definition [name : org.apache.dubbo.config.ProtocolConfig#0, class : org.apache.dubbo.config.ProtocolConfig] has been registered.
2026-07-29 10:23:35.588  INFO 18608 --- [main] .a.d.c.s.c.a.DubboConfigBindingRegistrar : The BeanPostProcessor bean definition [org.apache.dubbo.config.spring.beans.factory.annotation.DubboConfigBindingBeanPostProcessor] for dubbo config bean [name : org.apache.dubbo.config.ProtocolConfig#0] has been registered.
2026-07-29 10:23:35.588  INFO 18608 --- [main] .a.d.c.s.c.a.DubboConfigBindingRegistrar : The dubbo config bean definition [name : org.apache.dubbo.config.ProviderConfig#0, class : org.apache.dubbo.config.ProviderConfig] has been registered.
2026-07-29 10:23:35.588  INFO 18608 --- [main] .a.d.c.s.c.a.DubboConfigBindingRegistrar : The BeanPostProcessor bean definition [org.apache.dubbo.config.spring.beans.factory.annotation.DubboConfigBindingBeanPostProcessor] for dubbo config bean [name : org.apache.dubbo.config.ProviderConfig#0] has been registered.
2026-07-29 10:23:35.623  INFO 18608 --- [main] .s.d.r.c.RepositoryConfigurationDelegate : Multiple Spring Data modules found, entering strict repository configuration mode!
2026-07-29 10:23:35.623  INFO 18608 --- [main] .s.d.r.c.RepositoryConfigurationDelegate : Bootstrapping Spring Data Redis repositories in DEFAULT mode.
2026-07-29 10:23:35.656  INFO 18608 --- [main] .s.d.r.c.RepositoryConfigurationDelegate : Finished Spring Data repository scanning in 19ms. Found 0 Redis repository interfaces.
2026-07-29 10:23:35.954  INFO 18608 --- [main] ptablePropertiesBeanFactoryPostProcessor : Post-processing PropertySource instances
2026-07-29 10:23:36.003  INFO 18608 --- [main] c.u.j.EncryptablePropertySourceConverter : Converting PropertySource configurationProperties [org.springframework.boot.context.properties.source.ConfigurationPropertySourcesPropertySource] to AOP Proxy
2026-07-29 10:23:36.004  INFO 18608 --- [main] c.u.j.EncryptablePropertySourceConverter : Converting PropertySource Inlined Test Properties [org.springframework.core.env.MapPropertySource] to EncryptableMapPropertySourceWrapper
2026-07-29 10:23:36.004  INFO 18608 --- [main] c.u.j.EncryptablePropertySourceConverter : Converting PropertySource systemProperties [org.springframework.core.env.PropertiesPropertySource] to EncryptableMapPropertySourceWrapper
2026-07-29 10:23:36.004  INFO 18608 --- [main] c.u.j.EncryptablePropertySourceConverter : Converting PropertySource systemEnvironment [org.springframework.boot.env.SystemEnvironmentPropertySourceEnvironmentPostProcessor$OriginAwareSystemEnvironmentPropertySource] to EncryptableMapPropertySourceWrapper
2026-07-29 10:23:36.004  INFO 18608 --- [main] c.u.j.EncryptablePropertySourceConverter : Converting PropertySource random [org.springframework.boot.env.RandomValuePropertySource] to EncryptablePropertySourceWrapper
2026-07-29 10:23:36.004  INFO 18608 --- [main] c.u.j.EncryptablePropertySourceConverter : Converting PropertySource applicationConfig: [classpath:/application.properties] [org.springframework.boot.env.OriginTrackedMapPropertySource] to EncryptableMapPropertySourceWrapper
2026-07-29 10:23:36.004  INFO 18608 --- [main] c.u.j.EncryptablePropertySourceConverter : Converting PropertySource defaultProperties [org.springframework.core.env.MapPropertySource] to EncryptableMapPropertySourceWrapper
2026-07-29 10:23:36.031  INFO 18608 --- [main] c.u.j.filter.DefaultLazyPropertyFilter   : Property Filter custom Bean not found with name 'encryptablePropertyFilter'. Initializing Default Property Filter
2026-07-29 10:23:36.061  INFO 18608 --- [main] trationDelegate$BeanPostProcessorChecker : Bean 'org.apache.dubbo.spring.boot.autoconfigure.DubboRelaxedBinding2AutoConfiguration' of type [org.apache.dubbo.spring.boot.autoconfigure.DubboRelaxedBinding2AutoConfiguration$$EnhancerBySpringCGLIB$$21ac2682] is not eligible for getting processed by all BeanPostProcessors (for example: not eligible for auto-proxying)
2026-07-29 10:23:36.151  INFO 18608 --- [main] trationDelegate$BeanPostProcessorChecker : Bean 'relaxedDubboConfigBinder' of type [org.apache.dubbo.spring.boot.autoconfigure.BinderDubboConfigBinder] is not eligible for getting processed by all BeanPostProcessors (for example: not eligible for auto-proxying)
2026-07-29 10:23:36.157  INFO 18608 --- [main] trationDelegate$BeanPostProcessorChecker : Bean 'relaxedDubboConfigBinder' of type [org.apache.dubbo.spring.boot.autoconfigure.BinderDubboConfigBinder] is not eligible for getting processed by all BeanPostProcessors (for example: not eligible for auto-proxying)
2026-07-29 10:23:36.158  INFO 18608 --- [main] trationDelegate$BeanPostProcessorChecker : Bean 'relaxedDubboConfigBinder' of type [org.apache.dubbo.spring.boot.autoconfigure.BinderDubboConfigBinder] is not eligible for getting processed by all BeanPostProcessors (for example: not eligible for auto-proxying)
2026-07-29 10:23:36.160  INFO 18608 --- [main] trationDelegate$BeanPostProcessorChecker : Bean 'relaxedDubboConfigBinder' of type [org.apache.dubbo.spring.boot.autoconfigure.BinderDubboConfigBinder] is not eligible for getting processed by all BeanPostProcessors (for example: not eligible for auto-proxying)
2026-07-29 10:23:36.173  INFO 18608 --- [main] c.u.j.r.DefaultLazyPropertyResolver      : Property Resolver custom Bean not found with name 'encryptablePropertyResolver'. Initializing Default Property Resolver
2026-07-29 10:23:36.174  INFO 18608 --- [main] c.u.j.d.DefaultLazyPropertyDetector      : Property Detector custom Bean not found with name 'encryptablePropertyDetector'. Initializing Default Property Detector
2026-07-29 10:23:36.296  INFO 18608 --- [main] c.a.d.s.b.a.DruidDataSourceAutoConfigure : Init DruidDataSource
2026-07-29 10:23:36.389  INFO 18608 --- [main] com.alibaba.druid.pool.DruidDataSource   : {dataSource-1} inited
2026-07-29 10:23:37.537  INFO 18608 --- [main] c.g.d.core.DozerBeanMapperBuilder        : Initializing Dozer. Version: 6.5.0, Thread Name: main
2026-07-29 10:23:37.539  INFO 18608 --- [main] c.g.dozermapper.core.util.RuntimeUtils   : OSGi support is false
2026-07-29 10:23:37.542  INFO 18608 --- [main] d.c.c.r.LegacyPropertiesSettingsResolver : Trying to find Dozer configuration file: dozer.properties
2026-07-29 10:23:37.544  INFO 18608 --- [main] d.c.c.r.LegacyPropertiesSettingsResolver : Failed to find dozer.properties via com.github.dozermapper.core.config.resolvers.LegacyPropertiesSettingsResolver.
2026-07-29 10:23:37.549  INFO 18608 --- [main] c.g.d.core.el.ELExpressionFactory        : javax.el support is true
2026-07-29 10:23:37.711  INFO 18608 --- [main] .f.a.DubboConfigBindingBeanPostProcessor : The properties of bean [name : org.apache.dubbo.config.ApplicationConfig#0] have been binding by prefix of configuration properties : dubbo.application
2026-07-29 10:23:37.717  INFO 18608 --- [main] .f.a.DubboConfigBindingBeanPostProcessor : The properties of bean [name : org.apache.dubbo.config.RegistryConfig#0] have been binding by prefix of configuration properties : dubbo.registry
2026-07-29 10:23:37.732  INFO 18608 --- [main] .f.a.DubboConfigBindingBeanPostProcessor : The properties of bean [name : org.apache.dubbo.config.ProtocolConfig#0] have been binding by prefix of configuration properties : dubbo.protocol
2026-07-29 10:23:37.744  INFO 18608 --- [main] .f.a.DubboConfigBindingBeanPostProcessor : The properties of bean [name : org.apache.dubbo.config.ProviderConfig#0] have been binding by prefix of configuration properties : dubbo.provider
2026-07-29 10:23:38.090  INFO 18608 --- [main] org.quartz.impl.StdSchedulerFactory      : Using default implementation for ThreadExecutor
2026-07-29 10:23:38.103  INFO 18608 --- [main] org.quartz.core.SchedulerSignalerImpl    : Initialized Scheduler Signaller of type: class org.quartz.core.SchedulerSignalerImpl
2026-07-29 10:23:38.103  INFO 18608 --- [main] org.quartz.core.QuartzScheduler          : Quartz Scheduler v.2.3.2 created.
2026-07-29 10:23:38.104  INFO 18608 --- [main] org.quartz.simpl.RAMJobStore             : RAMJobStore initialized.
2026-07-29 10:23:38.105  INFO 18608 --- [main] org.quartz.core.QuartzScheduler          : Scheduler meta-data: Quartz Scheduler (v2.3.2) 'quartzScheduler' with instanceId 'NON_CLUSTERED'
  Scheduler class: 'org.quartz.core.QuartzScheduler' - running locally.
  NOT STARTED.
  Currently in standby mode.
  Number of jobs executed: 0
  Using thread pool 'org.quartz.simpl.SimpleThreadPool' - with 10 threads.
  Using job-store 'org.quartz.simpl.RAMJobStore' - which does not support persistence. and is not clustered.

2026-07-29 10:23:38.105  INFO 18608 --- [main] org.quartz.impl.StdSchedulerFactory      : Quartz scheduler 'quartzScheduler' initialized from an externally provided properties instance.
2026-07-29 10:23:38.105  INFO 18608 --- [main] org.quartz.impl.StdSchedulerFactory      : Quartz scheduler version: 2.3.2
2026-07-29 10:23:38.105  INFO 18608 --- [main] org.quartz.core.QuartzScheduler          : JobFactory set to: org.springframework.scheduling.quartz.SpringBeanJobFactory@10d8d61a
2026-07-29 10:23:38.292  WARN 18608 --- [main] s.c.a.AnnotationConfigApplicationContext : Exception encountered during context initialization - cancelling refresh attempt: org.springframework.beans.factory.BeanCreationException: Error creating bean with name 'ServiceBean:service.AiService': Instantiation of bean failed; nested exception is java.lang.ExceptionInInitializerError
2026-07-29 10:23:38.292  INFO 18608 --- [main] o.s.s.quartz.SchedulerFactoryBean        : Shutting down Quartz Scheduler
2026-07-29 10:23:38.292  INFO 18608 --- [main] org.quartz.core.QuartzScheduler          : Scheduler quartzScheduler_$_NON_CLUSTERED shutting down.
2026-07-29 10:23:38.292  INFO 18608 --- [main] org.quartz.core.QuartzScheduler          : Scheduler quartzScheduler_$_NON_CLUSTERED paused.
2026-07-29 10:23:38.292  INFO 18608 --- [main] org.quartz.core.QuartzScheduler          : Scheduler quartzScheduler_$_NON_CLUSTERED shutdown complete.
2026-07-29 10:23:38.310  INFO 18608 --- [main] com.alibaba.druid.pool.DruidDataSource   : {dataSource-1} closing ...
2026-07-29 10:23:38.311  INFO 18608 --- [main] com.alibaba.druid.pool.DruidDataSource   : {dataSource-1} closed
2026-07-29 10:23:38.311  INFO 18608 --- [main] f.a.ReferenceAnnotationBeanPostProcessor : class org.apache.dubbo.config.spring.beans.factory.annotation.ReferenceAnnotationBeanPostProcessor was destroying!
2026-07-29 10:23:38.322  INFO 18608 --- [main] ConditionEvaluationReportLoggingListener : 

Error starting ApplicationContext. To display the conditions report re-run your application with 'debug' enabled.
2026-07-29 10:23:38.331 ERROR 18608 --- [main] o.s.boot.SpringApplication               : Application run failed

org.springframework.beans.factory.BeanCreationException: Error creating bean with name 'ServiceBean:service.AiService': Instantiation of bean failed; nested exception is java.lang.ExceptionInInitializerError
	at org.springframework.beans.factory.support.AbstractAutowireCapableBeanFactory.instantiateBean(AbstractAutowireCapableBeanFactory.java:1320) ~[spring-beans-5.2.6.RELEASE.jar:5.2.6.RELEASE]
	at org.springframework.beans.factory.support.AbstractAutowireCapableBeanFactory.createBeanInstance(AbstractAutowireCapableBeanFactory.java:1214) ~[spring-beans-5.2.6.RELEASE.jar:5.2.6.RELEASE]
	at org.springframework.beans.factory.support.AbstractAutowireCapableBeanFactory.doCreateBean(AbstractAutowireCapableBeanFactory.java:557) ~[spring-beans-5.2.6.RELEASE.jar:5.2.6.RELEASE]
	at org.springframework.beans.factory.support.AbstractAutowireCapableBeanFactory.createBean(AbstractAutowireCapableBeanFactory.java:517) ~[spring-beans-5.2.6.RELEASE.jar:5.2.6.RELEASE]
	at org.springframework.beans.factory.support.AbstractBeanFactory.lambda$doGetBean$0(AbstractBeanFactory.java:323) ~[spring-beans-5.2.6.RELEASE.jar:5.2.6.RELEASE]
	at org.springframework.beans.factory.support.DefaultSingletonBeanRegistry.getSingleton(DefaultSingletonBeanRegistry.java:226) ~[spring-beans-5.2.6.RELEASE.jar:5.2.6.RELEASE]
	at org.springframework.beans.factory.support.AbstractBeanFactory.doGetBean(AbstractBeanFactory.java:321) ~[spring-beans-5.2.6.RELEASE.jar:5.2.6.RELEASE]
	at org.springframework.beans.factory.support.AbstractBeanFactory.getBean(AbstractBeanFactory.java:202) ~[spring-beans-5.2.6.RELEASE.jar:5.2.6.RELEASE]
	at org.springframework.beans.factory.support.DefaultListableBeanFactory.preInstantiateSingletons(DefaultListableBeanFactory.java:895) ~[spring-beans-5.2.6.RELEASE.jar:5.2.6.RELEASE]
	at org.springframework.context.support.AbstractApplicationContext.finishBeanFactoryInitialization(AbstractApplicationContext.java:878) ~[spring-context-5.2.6.RELEASE.jar:5.2.6.RELEASE]
	at org.springframework.context.support.AbstractApplicationContext.refresh(AbstractApplicationContext.java:550) ~[spring-context-5.2.6.RELEASE.jar:5.2.6.RELEASE]
	at org.springframework.boot.SpringApplication.refresh(SpringApplication.java:758) ~[spring-boot-2.3.0.RELEASE.jar:2.3.0.RELEASE]
	at org.springframework.boot.SpringApplication.refresh(SpringApplication.java:750) ~[spring-boot-2.3.0.RELEASE.jar:2.3.0.RELEASE]
	at org.springframework.boot.SpringApplication.refreshContext(SpringApplication.java:397) ~[spring-boot-2.3.0.RELEASE.jar:2.3.0.RELEASE]
	at org.springframework.boot.SpringApplication.run(SpringApplication.java:315) ~[spring-boot-2.3.0.RELEASE.jar:2.3.0.RELEASE]
	at org.springframework.boot.test.context.SpringBootContextLoader.loadContext(SpringBootContextLoader.java:120) ~[spring-boot-test-2.3.0.RELEASE.jar:2.3.0.RELEASE]
	at org.springframework.test.context.cache.DefaultCacheAwareContextLoaderDelegate.loadContextInternal(DefaultCacheAwareContextLoaderDelegate.java:99) ~[spring-test-5.2.5.RELEASE.jar:5.2.5.RELEASE]
	at org.springframework.test.context.cache.DefaultCacheAwareContextLoaderDelegate.loadContext(DefaultCacheAwareContextLoaderDelegate.java:124) ~[spring-test-5.2.5.RELEASE.jar:5.2.5.RELEASE]
	at org.springframework.test.context.support.DefaultTestContext.getApplicationContext(DefaultTestContext.java:123) ~[spring-test-5.2.5.RELEASE.jar:5.2.5.RELEASE]
	at org.springframework.test.context.support.DependencyInjectionTestExecutionListener.injectDependencies(DependencyInjectionTestExecutionListener.java:118) ~[spring-test-5.2.5.RELEASE.jar:5.2.5.RELEASE]
	at org.springframework.test.context.support.DependencyInjectionTestExecutionListener.prepareTestInstance(DependencyInjectionTestExecutionListener.java:83) ~[spring-test-5.2.5.RELEASE.jar:5.2.5.RELEASE]
	at org.springframework.boot.test.autoconfigure.SpringBootDependencyInjectionTestExecutionListener.prepareTestInstance(SpringBootDependencyInjectionTestExecutionListener.java:43) ~[spring-boot-test-autoconfigure-2.3.0.RELEASE.jar:2.3.0.RELEASE]
	at org.springframework.test.context.TestContextManager.prepareTestInstance(TestContextManager.java:244) ~[spring-test-5.2.5.RELEASE.jar:5.2.5.RELEASE]
	at org.springframework.test.context.junit4.SpringJUnit4ClassRunner.createTest(SpringJUnit4ClassRunner.java:227) ~[spring-test-5.2.5.RELEASE.jar:5.2.5.RELEASE]
	at org.springframework.test.context.junit4.SpringJUnit4ClassRunner$1.runReflectiveCall(SpringJUnit4ClassRunner.java:289) ~[spring-test-5.2.5.RELEASE.jar:5.2.5.RELEASE]
	at org.junit.internal.runners.model.ReflectiveCallable.run(ReflectiveCallable.java:12) ~[junit-4.12.jar:4.12]
	at org.springframework.test.context.junit4.SpringJUnit4ClassRunner.methodBlock(SpringJUnit4ClassRunner.java:291) ~[spring-test-5.2.5.RELEASE.jar:5.2.5.RELEASE]
	at org.springframework.test.context.junit4.SpringJUnit4ClassRunner.runChild(SpringJUnit4ClassRunner.java:246) ~[spring-test-5.2.5.RELEASE.jar:5.2.5.RELEASE]
	at org.springframework.test.context.junit4.SpringJUnit4ClassRunner.runChild(SpringJUnit4ClassRunner.java:97) ~[spring-test-5.2.5.RELEASE.jar:5.2.5.RELEASE]
	at org.junit.runners.ParentRunner$3.run(ParentRunner.java:290) ~[junit-4.12.jar:4.12]
	at org.junit.runners.ParentRunner$1.schedule(ParentRunner.java:71) ~[junit-4.12.jar:4.12]
	at org.junit.runners.ParentRunner.runChildren(ParentRunner.java:288) ~[junit-4.12.jar:4.12]
	at org.junit.runners.ParentRunner.access$000(ParentRunner.java:58) ~[junit-4.12.jar:4.12]
	at org.junit.runners.ParentRunner$2.evaluate(ParentRunner.java:268) ~[junit-4.12.jar:4.12]
	at org.springframework.test.context.junit4.statements.RunBeforeTestClassCallbacks.evaluate(RunBeforeTestClassCallbacks.java:61) ~[spring-test-5.2.5.RELEASE.jar:5.2.5.RELEASE]
	at org.springframework.test.context.junit4.statements.RunAfterTestClassCallbacks.evaluate(RunAfterTestClassCallbacks.java:70) ~[spring-test-5.2.5.RELEASE.jar:5.2.5.RELEASE]
	at org.junit.runners.ParentRunner.run(ParentRunner.java:363) ~[junit-4.12.jar:4.12]
	at org.springframework.test.context.junit4.SpringJUnit4ClassRunner.run(SpringJUnit4ClassRunner.java:190) ~[spring-test-5.2.5.RELEASE.jar:5.2.5.RELEASE]
	at org.junit.runner.JUnitCore.run(JUnitCore.java:137) ~[junit-4.12.jar:4.12]
	at com.intellij.junit4.JUnit4IdeaTestRunner.startRunnerWithArgs(JUnit4IdeaTestRunner.java:69) ~[junit-rt.jar:na]
	at com.intellij.rt.junit.IdeaTestRunner$Repeater$1.execute(IdeaTestRunner.java:38) ~[junit-rt.jar:na]
	at com.intellij.rt.execution.junit.TestsRepeater.repeat(TestsRepeater.java:11) ~[idea_rt.jar:na]
	at com.intellij.rt.junit.IdeaTestRunner$Repeater.startRunnerWithArgs(IdeaTestRunner.java:35) ~[junit-rt.jar:na]
	at com.intellij.rt.junit.JUnitStarter.prepareStreamsAndStart(JUnitStarter.java:232) ~[junit-rt.jar:na]
	at com.intellij.rt.junit.JUnitStarter.main(JUnitStarter.java:55) ~[junit-rt.jar:na]
Caused by: java.lang.ExceptionInInitializerError: null
	at java.base/jdk.internal.reflect.NativeConstructorAccessorImpl.newInstance0(Native Method) ~[na:na]
	at java.base/jdk.internal.reflect.NativeConstructorAccessorImpl.newInstance(NativeConstructorAccessorImpl.java:77) ~[na:na]
	at java.base/jdk.internal.reflect.DelegatingConstructorAccessorImpl.newInstance(DelegatingConstructorAccessorImpl.java:45) ~[na:na]
	at java.base/java.lang.reflect.Constructor.newInstanceWithCaller(Constructor.java:499) ~[na:na]
	at java.base/java.lang.reflect.Constructor.newInstance(Constructor.java:480) ~[na:na]
	at org.springframework.beans.BeanUtils.instantiateClass(BeanUtils.java:204) ~[spring-beans-5.2.6.RELEASE.jar:5.2.6.RELEASE]
	at org.springframework.beans.factory.support.SimpleInstantiationStrategy.instantiate(SimpleInstantiationStrategy.java:87) ~[spring-beans-5.2.6.RELEASE.jar:5.2.6.RELEASE]
	at org.springframework.beans.factory.support.AbstractAutowireCapableBeanFactory.instantiateBean(AbstractAutowireCapableBeanFactory.java:1312) ~[spring-beans-5.2.6.RELEASE.jar:5.2.6.RELEASE]
	... 44 common frames omitted
Caused by: java.lang.IllegalStateException: Failed to create adaptive instance: java.lang.IllegalStateException: Can't create adaptive extension interface org.apache.dubbo.rpc.Protocol, cause: Unable to make protected final java.lang.Class java.lang.ClassLoader.defineClass(java.lang.String,byte[],int,int,java.security.ProtectionDomain) throws java.lang.ClassFormatError accessible: module java.base does not "opens java.lang" to unnamed module @61ca4046
	at org.apache.dubbo.common.extension.ExtensionLoader.getAdaptiveExtension(ExtensionLoader.java:486) ~[dubbo-2.7.3.jar:2.7.3]
	at org.apache.dubbo.config.ServiceConfig.<clinit>(ServiceConfig.java:119) ~[dubbo-2.7.3.jar:2.7.3]
	... 52 common frames omitted
Caused by: java.lang.IllegalStateException: Can't create adaptive extension interface org.apache.dubbo.rpc.Protocol, cause: Unable to make protected final java.lang.Class java.lang.ClassLoader.defineClass(java.lang.String,byte[],int,int,java.security.ProtectionDomain) throws java.lang.ClassFormatError accessible: module java.base does not "opens java.lang" to unnamed module @61ca4046
	at org.apache.dubbo.common.extension.ExtensionLoader.createAdaptiveExtension(ExtensionLoader.java:847) ~[dubbo-2.7.3.jar:2.7.3]
	at org.apache.dubbo.common.extension.ExtensionLoader.getAdaptiveExtension(ExtensionLoader.java:482) ~[dubbo-2.7.3.jar:2.7.3]
	... 53 common frames omitted
Caused by: java.lang.reflect.InaccessibleObjectException: Unable to make protected final java.lang.Class java.lang.ClassLoader.defineClass(java.lang.String,byte[],int,int,java.security.ProtectionDomain) throws java.lang.ClassFormatError accessible: module java.base does not "opens java.lang" to unnamed module @61ca4046
	at java.base/java.lang.reflect.AccessibleObject.checkCanSetAccessible(AccessibleObject.java:354) ~[na:na]
	at java.base/java.lang.reflect.AccessibleObject.checkCanSetAccessible(AccessibleObject.java:297) ~[na:na]
	at java.base/java.lang.reflect.Method.checkCanSetAccessible(Method.java:199) ~[na:na]
	at java.base/java.lang.reflect.Method.setAccessible(Method.java:193) ~[na:na]
	at javassist.ClassPool.toClass2(ClassPool.java:1181) ~[javassist-3.20.0-GA.jar:na]
	at javassist.ClassPool.toClass(ClassPool.java:1164) ~[javassist-3.20.0-GA.jar:na]
	at javassist.CtClass.toClass(CtClass.java:1305) ~[javassist-3.20.0-GA.jar:na]
	at org.apache.dubbo.common.compiler.support.JavassistCompiler.doCompile(JavassistCompiler.java:82) ~[dubbo-2.7.3.jar:2.7.3]
	at org.apache.dubbo.common.compiler.support.AbstractCompiler.compile(AbstractCompiler.java:58) ~[dubbo-2.7.3.jar:2.7.3]
	at org.apache.dubbo.common.compiler.support.AdaptiveCompiler.compile(AdaptiveCompiler.java:45) ~[dubbo-2.7.3.jar:2.7.3]
	at org.apache.dubbo.common.extension.ExtensionLoader.createAdaptiveExtensionClass(ExtensionLoader.java:863) ~[dubbo-2.7.3.jar:2.7.3]
	at org.apache.dubbo.common.extension.ExtensionLoader.getAdaptiveExtensionClass(ExtensionLoader.java:856) ~[dubbo-2.7.3.jar:2.7.3]
	at org.apache.dubbo.common.extension.ExtensionLoader.createAdaptiveExtension(ExtensionLoader.java:845) ~[dubbo-2.7.3.jar:2.7.3]
	... 54 common frames omitted

2026-07-29 10:23:38.361  INFO 18608 --- [main] e.OverrideDubboConfigApplicationListener : Dubbo Config was overridden by externalized configuration {dubbo.application.name=kano-project-provider, dubbo.application.qos-enable=false, dubbo.config.multiple=true, dubbo.protocol.threadpool=fixed, dubbo.protocol.threads=64, dubbo.provider.timeout=50000, dubbo.registry.address=zookeeper://101.132.187.120:2181}
2026-07-29 10:23:38.369  INFO 18608 --- [main] dubboImplTest.AiServiceTest              : Starting AiServiceTest on KanoLap with PID 18608 (started by 51227 in D:\javaProgram\KanoProject\kano-project-parent\kano-project-provider\kano-project-provider-provider)
2026-07-29 10:23:38.370  INFO 18608 --- [main] dubboImplTest.AiServiceTest              : No active profile set, falling back to default profiles: default
2026-07-29 10:23:38.537  INFO 18608 --- [main] .a.d.c.s.c.a.DubboConfigBindingRegistrar : The dubbo config bean definition [name : org.apache.dubbo.config.ApplicationConfig#0, class : org.apache.dubbo.config.ApplicationConfig] has been registered.
2026-07-29 10:23:38.537  INFO 18608 --- [main] .a.d.c.s.c.a.DubboConfigBindingRegistrar : The BeanPostProcessor bean definition [org.apache.dubbo.config.spring.beans.factory.annotation.DubboConfigBindingBeanPostProcessor] for dubbo config bean [name : org.apache.dubbo.config.ApplicationConfig#0] has been registered.
2026-07-29 10:23:38.537  INFO 18608 --- [main] .a.d.c.s.c.a.DubboConfigBindingRegistrar : The dubbo config bean definition [name : org.apache.dubbo.config.RegistryConfig#0, class : org.apache.dubbo.config.RegistryConfig] has been registered.
2026-07-29 10:23:38.537  INFO 18608 --- [main] .a.d.c.s.c.a.DubboConfigBindingRegistrar : The BeanPostProcessor bean definition [org.apache.dubbo.config.spring.beans.factory.annotation.DubboConfigBindingBeanPostProcessor] for dubbo config bean [name : org.apache.dubbo.config.RegistryConfig#0] has been registered.
2026-07-29 10:23:38.540  INFO 18608 --- [main] .a.d.c.s.c.a.DubboConfigBindingRegistrar : The dubbo config bean definition [name : org.apache.dubbo.config.ProtocolConfig#0, class : org.apache.dubbo.config.ProtocolConfig] has been registered.
2026-07-29 10:23:38.540  INFO 18608 --- [main] .a.d.c.s.c.a.DubboConfigBindingRegistrar : The BeanPostProcessor bean definition [org.apache.dubbo.config.spring.beans.factory.annotation.DubboConfigBindingBeanPostProcessor] for dubbo config bean [name : org.apache.dubbo.config.ProtocolConfig#0] has been registered.
2026-07-29 10:23:38.540  INFO 18608 --- [main] .a.d.c.s.c.a.DubboConfigBindingRegistrar : The dubbo config bean definition [name : org.apache.dubbo.config.ProviderConfig#0, class : org.apache.dubbo.config.ProviderConfig] has been registered.
2026-07-29 10:23:38.540  INFO 18608 --- [main] .a.d.c.s.c.a.DubboConfigBindingRegistrar : The BeanPostProcessor bean definition [org.apache.dubbo.config.spring.beans.factory.annotation.DubboConfigBindingBeanPostProcessor] for dubbo config bean [name : org.apache.dubbo.config.ProviderConfig#0] has been registered.
2026-07-29 10:23:38.548  INFO 18608 --- [main] .s.d.r.c.RepositoryConfigurationDelegate : Multiple Spring Data modules found, entering strict repository configuration mode!
2026-07-29 10:23:38.548  INFO 18608 --- [main] .s.d.r.c.RepositoryConfigurationDelegate : Bootstrapping Spring Data Redis repositories in DEFAULT mode.
2026-07-29 10:23:38.558  INFO 18608 --- [main] .s.d.r.c.RepositoryConfigurationDelegate : Finished Spring Data repository scanning in 8ms. Found 0 Redis repository interfaces.
2026-07-29 10:23:38.613  INFO 18608 --- [main] ptablePropertiesBeanFactoryPostProcessor : Post-processing PropertySource instances
2026-07-29 10:23:38.620  INFO 18608 --- [main] c.u.j.EncryptablePropertySourceConverter : Converting PropertySource configurationProperties [org.springframework.boot.context.properties.source.ConfigurationPropertySourcesPropertySource] to AOP Proxy
2026-07-29 10:23:38.620  INFO 18608 --- [main] c.u.j.EncryptablePropertySourceConverter : Converting PropertySource Inlined Test Properties [org.springframework.core.env.MapPropertySource] to EncryptableMapPropertySourceWrapper
2026-07-29 10:23:38.620  INFO 18608 --- [main] c.u.j.EncryptablePropertySourceConverter : Converting PropertySource systemProperties [org.springframework.core.env.PropertiesPropertySource] to EncryptableMapPropertySourceWrapper
2026-07-29 10:23:38.620  INFO 18608 --- [main] c.u.j.EncryptablePropertySourceConverter : Converting PropertySource systemEnvironment [org.springframework.boot.env.SystemEnvironmentPropertySourceEnvironmentPostProcessor$OriginAwareSystemEnvironmentPropertySource] to EncryptableMapPropertySourceWrapper
2026-07-29 10:23:38.620  INFO 18608 --- [main] c.u.j.EncryptablePropertySourceConverter : Converting PropertySource random [org.springframework.boot.env.RandomValuePropertySource] to EncryptablePropertySourceWrapper
2026-07-29 10:23:38.620  INFO 18608 --- [main] c.u.j.EncryptablePropertySourceConverter : Converting PropertySource applicationConfig: [classpath:/application.properties] [org.springframework.boot.env.OriginTrackedMapPropertySource] to EncryptableMapPropertySourceWrapper
2026-07-29 10:23:38.620  INFO 18608 --- [main] c.u.j.EncryptablePropertySourceConverter : Converting PropertySource defaultProperties [org.springframework.core.env.MapPropertySource] to EncryptableMapPropertySourceWrapper
2026-07-29 10:23:38.626  INFO 18608 --- [main] c.u.j.filter.DefaultLazyPropertyFilter   : Property Filter custom Bean not found with name 'encryptablePropertyFilter'. Initializing Default Property Filter
2026-07-29 10:23:38.644  INFO 18608 --- [main] trationDelegate$BeanPostProcessorChecker : Bean 'org.apache.dubbo.spring.boot.autoconfigure.DubboRelaxedBinding2AutoConfiguration' of type [org.apache.dubbo.spring.boot.autoconfigure.DubboRelaxedBinding2AutoConfiguration$$EnhancerBySpringCGLIB$$21ac2682] is not eligible for getting processed by all BeanPostProcessors (for example: not eligible for auto-proxying)
2026-07-29 10:23:38.662  INFO 18608 --- [main] trationDelegate$BeanPostProcessorChecker : Bean 'relaxedDubboConfigBinder' of type [org.apache.dubbo.spring.boot.autoconfigure.BinderDubboConfigBinder] is not eligible for getting processed by all BeanPostProcessors (for example: not eligible for auto-proxying)
2026-07-29 10:23:38.666  INFO 18608 --- [main] trationDelegate$BeanPostProcessorChecker : Bean 'relaxedDubboConfigBinder' of type [org.apache.dubbo.spring.boot.autoconfigure.BinderDubboConfigBinder] is not eligible for getting processed by all BeanPostProcessors (for example: not eligible for auto-proxying)
2026-07-29 10:23:38.667  INFO 18608 --- [main] trationDelegate$BeanPostProcessorChecker : Bean 'relaxedDubboConfigBinder' of type [org.apache.dubbo.spring.boot.autoconfigure.BinderDubboConfigBinder] is not eligible for getting processed by all BeanPostProcessors (for example: not eligible for auto-proxying)
2026-07-29 10:23:38.668  INFO 18608 --- [main] trationDelegate$BeanPostProcessorChecker : Bean 'relaxedDubboConfigBinder' of type [org.apache.dubbo.spring.boot.autoconfigure.BinderDubboConfigBinder] is not eligible for getting processed by all BeanPostProcessors (for example: not eligible for auto-proxying)
2026-07-29 10:23:38.674  INFO 18608 --- [main] c.u.j.r.DefaultLazyPropertyResolver      : Property Resolver custom Bean not found with name 'encryptablePropertyResolver'. Initializing Default Property Resolver
2026-07-29 10:23:38.674  INFO 18608 --- [main] c.u.j.d.DefaultLazyPropertyDetector      : Property Detector custom Bean not found with name 'encryptablePropertyDetector'. Initializing Default Property Detector
2026-07-29 10:23:38.704  INFO 18608 --- [main] c.a.d.s.b.a.DruidDataSourceAutoConfigure : Init DruidDataSource
2026-07-29 10:23:38.727  INFO 18608 --- [main] com.alibaba.druid.pool.DruidDataSource   : {dataSource-2} inited
2026-07-29 10:23:39.085  INFO 18608 --- [main] c.g.d.core.DozerBeanMapperBuilder        : Initializing Dozer. Version: 6.5.0, Thread Name: main
2026-07-29 10:23:39.085  INFO 18608 --- [main] d.c.c.r.LegacyPropertiesSettingsResolver : Trying to find Dozer configuration file: dozer.properties
2026-07-29 10:23:39.085  INFO 18608 --- [main] d.c.c.r.LegacyPropertiesSettingsResolver : Failed to find dozer.properties via com.github.dozermapper.core.config.resolvers.LegacyPropertiesSettingsResolver.
2026-07-29 10:23:39.105  INFO 18608 --- [main] .f.a.DubboConfigBindingBeanPostProcessor : The properties of bean [name : org.apache.dubbo.config.ApplicationConfig#0] have been binding by prefix of configuration properties : dubbo.application
2026-07-29 10:23:39.107  INFO 18608 --- [main] .f.a.DubboConfigBindingBeanPostProcessor : The properties of bean [name : org.apache.dubbo.config.RegistryConfig#0] have been binding by prefix of configuration properties : dubbo.registry
2026-07-29 10:23:39.128  INFO 18608 --- [main] .f.a.DubboConfigBindingBeanPostProcessor : The properties of bean [name : org.apache.dubbo.config.ProtocolConfig#0] have been binding by prefix of configuration properties : dubbo.protocol
2026-07-29 10:23:39.133  INFO 18608 --- [main] .f.a.DubboConfigBindingBeanPostProcessor : The properties of bean [name : org.apache.dubbo.config.ProviderConfig#0] have been binding by prefix of configuration properties : dubbo.provider
2026-07-29 10:23:39.243  INFO 18608 --- [main] org.quartz.impl.StdSchedulerFactory      : Using default implementation for ThreadExecutor
2026-07-29 10:23:39.248  INFO 18608 --- [main] org.quartz.core.SchedulerSignalerImpl    : Initialized Scheduler Signaller of type: class org.quartz.core.SchedulerSignalerImpl
2026-07-29 10:23:39.248  INFO 18608 --- [main] org.quartz.core.QuartzScheduler          : Quartz Scheduler v.2.3.2 created.
2026-07-29 10:23:39.248  INFO 18608 --- [main] org.quartz.simpl.RAMJobStore             : RAMJobStore initialized.
2026-07-29 10:23:39.248  INFO 18608 --- [main] org.quartz.core.QuartzScheduler          : Scheduler meta-data: Quartz Scheduler (v2.3.2) 'quartzScheduler' with instanceId 'NON_CLUSTERED'
  Scheduler class: 'org.quartz.core.QuartzScheduler' - running locally.
  NOT STARTED.
  Currently in standby mode.
  Number of jobs executed: 0
  Using thread pool 'org.quartz.simpl.SimpleThreadPool' - with 10 threads.
  Using job-store 'org.quartz.simpl.RAMJobStore' - which does not support persistence. and is not clustered.

2026-07-29 10:23:39.248  INFO 18608 --- [main] org.quartz.impl.StdSchedulerFactory      : Quartz scheduler 'quartzScheduler' initialized from an externally provided properties instance.
2026-07-29 10:23:39.248  INFO 18608 --- [main] org.quartz.impl.StdSchedulerFactory      : Quartz scheduler version: 2.3.2
2026-07-29 10:23:39.248  INFO 18608 --- [main] org.quartz.core.QuartzScheduler          : JobFactory set to: org.springframework.scheduling.quartz.SpringBeanJobFactory@74308186
2026-07-29 10:23:39.282  WARN 18608 --- [main] s.c.a.AnnotationConfigApplicationContext : Exception encountered during context initialization - cancelling refresh attempt: org.springframework.beans.factory.BeanCreationException: Error creating bean with name 'ServiceBean:service.AiService': Instantiation of bean failed; nested exception is java.lang.NoClassDefFoundError: Could not initialize class org.apache.dubbo.config.spring.ServiceBean
2026-07-29 10:23:39.283  INFO 18608 --- [main] o.s.s.quartz.SchedulerFactoryBean        : Shutting down Quartz Scheduler
2026-07-29 10:23:39.283  INFO 18608 --- [main] org.quartz.core.QuartzScheduler          : Scheduler quartzScheduler_$_NON_CLUSTERED shutting down.
2026-07-29 10:23:39.283  INFO 18608 --- [main] org.quartz.core.QuartzScheduler          : Scheduler quartzScheduler_$_NON_CLUSTERED paused.
2026-07-29 10:23:39.283  INFO 18608 --- [main] org.quartz.core.QuartzScheduler          : Scheduler quartzScheduler_$_NON_CLUSTERED shutdown complete.
2026-07-29 10:23:39.286  INFO 18608 --- [main] com.alibaba.druid.pool.DruidDataSource   : {dataSource-2} closing ...
2026-07-29 10:23:39.286  INFO 18608 --- [main] com.alibaba.druid.pool.DruidDataSource   : {dataSource-2} closed
2026-07-29 10:23:39.286  INFO 18608 --- [main] f.a.ReferenceAnnotationBeanPostProcessor : class org.apache.dubbo.config.spring.beans.factory.annotation.ReferenceAnnotationBeanPostProcessor was destroying!
2026-07-29 10:23:39.287  INFO 18608 --- [main] ConditionEvaluationReportLoggingListener : 

Error starting ApplicationContext. To display the conditions report re-run your application with 'debug' enabled.
2026-07-29 10:23:39.289 ERROR 18608 --- [main] o.s.boot.SpringApplication               : Application run failed

org.springframework.beans.factory.BeanCreationException: Error creating bean with name 'ServiceBean:service.AiService': Instantiation of bean failed; nested exception is java.lang.NoClassDefFoundError: Could not initialize class org.apache.dubbo.config.spring.ServiceBean
	at org.springframework.beans.factory.support.AbstractAutowireCapableBeanFactory.instantiateBean(AbstractAutowireCapableBeanFactory.java:1320) ~[spring-beans-5.2.6.RELEASE.jar:5.2.6.RELEASE]
	at org.springframework.beans.factory.support.AbstractAutowireCapableBeanFactory.createBeanInstance(AbstractAutowireCapableBeanFactory.java:1214) ~[spring-beans-5.2.6.RELEASE.jar:5.2.6.RELEASE]
	at org.springframework.beans.factory.support.AbstractAutowireCapableBeanFactory.doCreateBean(AbstractAutowireCapableBeanFactory.java:557) ~[spring-beans-5.2.6.RELEASE.jar:5.2.6.RELEASE]
	at org.springframework.beans.factory.support.AbstractAutowireCapableBeanFactory.createBean(AbstractAutowireCapableBeanFactory.java:517) ~[spring-beans-5.2.6.RELEASE.jar:5.2.6.RELEASE]
	at org.springframework.beans.factory.support.AbstractBeanFactory.lambda$doGetBean$0(AbstractBeanFactory.java:323) ~[spring-beans-5.2.6.RELEASE.jar:5.2.6.RELEASE]
	at org.springframework.beans.factory.support.DefaultSingletonBeanRegistry.getSingleton(DefaultSingletonBeanRegistry.java:226) ~[spring-beans-5.2.6.RELEASE.jar:5.2.6.RELEASE]
	at org.springframework.beans.factory.support.AbstractBeanFactory.doGetBean(AbstractBeanFactory.java:321) ~[spring-beans-5.2.6.RELEASE.jar:5.2.6.RELEASE]
	at org.springframework.beans.factory.support.AbstractBeanFactory.getBean(AbstractBeanFactory.java:202) ~[spring-beans-5.2.6.RELEASE.jar:5.2.6.RELEASE]
	at org.springframework.beans.factory.support.DefaultListableBeanFactory.preInstantiateSingletons(DefaultListableBeanFactory.java:895) ~[spring-beans-5.2.6.RELEASE.jar:5.2.6.RELEASE]
	at org.springframework.context.support.AbstractApplicationContext.finishBeanFactoryInitialization(AbstractApplicationContext.java:878) ~[spring-context-5.2.6.RELEASE.jar:5.2.6.RELEASE]
	at org.springframework.context.support.AbstractApplicationContext.refresh(AbstractApplicationContext.java:550) ~[spring-context-5.2.6.RELEASE.jar:5.2.6.RELEASE]
	at org.springframework.boot.SpringApplication.refresh(SpringApplication.java:758) ~[spring-boot-2.3.0.RELEASE.jar:2.3.0.RELEASE]
	at org.springframework.boot.SpringApplication.refresh(SpringApplication.java:750) ~[spring-boot-2.3.0.RELEASE.jar:2.3.0.RELEASE]
	at org.springframework.boot.SpringApplication.refreshContext(SpringApplication.java:397) ~[spring-boot-2.3.0.RELEASE.jar:2.3.0.RELEASE]
	at org.springframework.boot.SpringApplication.run(SpringApplication.java:315) ~[spring-boot-2.3.0.RELEASE.jar:2.3.0.RELEASE]
	at org.springframework.boot.test.context.SpringBootContextLoader.loadContext(SpringBootContextLoader.java:120) ~[spring-boot-test-2.3.0.RELEASE.jar:2.3.0.RELEASE]
	at org.springframework.test.context.cache.DefaultCacheAwareContextLoaderDelegate.loadContextInternal(DefaultCacheAwareContextLoaderDelegate.java:99) ~[spring-test-5.2.5.RELEASE.jar:5.2.5.RELEASE]
	at org.springframework.test.context.cache.DefaultCacheAwareContextLoaderDelegate.loadContext(DefaultCacheAwareContextLoaderDelegate.java:124) ~[spring-test-5.2.5.RELEASE.jar:5.2.5.RELEASE]
	at org.springframework.test.context.support.DefaultTestContext.getApplicationContext(DefaultTestContext.java:123) ~[spring-test-5.2.5.RELEASE.jar:5.2.5.RELEASE]
	at org.springframework.boot.test.autoconfigure.SpringBootDependencyInjectionTestExecutionListener.outputConditionEvaluationReport(SpringBootDependencyInjectionTestExecutionListener.java:53) ~[spring-boot-test-autoconfigure-2.3.0.RELEASE.jar:2.3.0.RELEASE]
	at org.springframework.boot.test.autoconfigure.SpringBootDependencyInjectionTestExecutionListener.prepareTestInstance(SpringBootDependencyInjectionTestExecutionListener.java:46) ~[spring-boot-test-autoconfigure-2.3.0.RELEASE.jar:2.3.0.RELEASE]
	at org.springframework.test.context.TestContextManager.prepareTestInstance(TestContextManager.java:244) ~[spring-test-5.2.5.RELEASE.jar:5.2.5.RELEASE]
	at org.springframework.test.context.junit4.SpringJUnit4ClassRunner.createTest(SpringJUnit4ClassRunner.java:227) ~[spring-test-5.2.5.RELEASE.jar:5.2.5.RELEASE]
	at org.springframework.test.context.junit4.SpringJUnit4ClassRunner$1.runReflectiveCall(SpringJUnit4ClassRunner.java:289) ~[spring-test-5.2.5.RELEASE.jar:5.2.5.RELEASE]
	at org.junit.internal.runners.model.ReflectiveCallable.run(ReflectiveCallable.java:12) ~[junit-4.12.jar:4.12]
	at org.springframework.test.context.junit4.SpringJUnit4ClassRunner.methodBlock(SpringJUnit4ClassRunner.java:291) ~[spring-test-5.2.5.RELEASE.jar:5.2.5.RELEASE]
	at org.springframework.test.context.junit4.SpringJUnit4ClassRunner.runChild(SpringJUnit4ClassRunner.java:246) ~[spring-test-5.2.5.RELEASE.jar:5.2.5.RELEASE]
	at org.springframework.test.context.junit4.SpringJUnit4ClassRunner.runChild(SpringJUnit4ClassRunner.java:97) ~[spring-test-5.2.5.RELEASE.jar:5.2.5.RELEASE]
	at org.junit.runners.ParentRunner$3.run(ParentRunner.java:290) ~[junit-4.12.jar:4.12]
	at org.junit.runners.ParentRunner$1.schedule(ParentRunner.java:71) ~[junit-4.12.jar:4.12]
	at org.junit.runners.ParentRunner.runChildren(ParentRunner.java:288) ~[junit-4.12.jar:4.12]
	at org.junit.runners.ParentRunner.access$000(ParentRunner.java:58) ~[junit-4.12.jar:4.12]
	at org.junit.runners.ParentRunner$2.evaluate(ParentRunner.java:268) ~[junit-4.12.jar:4.12]
	at org.springframework.test.context.junit4.statements.RunBeforeTestClassCallbacks.evaluate(RunBeforeTestClassCallbacks.java:61) ~[spring-test-5.2.5.RELEASE.jar:5.2.5.RELEASE]
	at org.springframework.test.context.junit4.statements.RunAfterTestClassCallbacks.evaluate(RunAfterTestClassCallbacks.java:70) ~[spring-test-5.2.5.RELEASE.jar:5.2.5.RELEASE]
	at org.junit.runners.ParentRunner.run(ParentRunner.java:363) ~[junit-4.12.jar:4.12]
	at org.springframework.test.context.junit4.SpringJUnit4ClassRunner.run(SpringJUnit4ClassRunner.java:190) ~[spring-test-5.2.5.RELEASE.jar:5.2.5.RELEASE]
	at org.junit.runner.JUnitCore.run(JUnitCore.java:137) ~[junit-4.12.jar:4.12]
	at com.intellij.junit4.JUnit4IdeaTestRunner.startRunnerWithArgs(JUnit4IdeaTestRunner.java:69) ~[junit-rt.jar:na]
	at com.intellij.rt.junit.IdeaTestRunner$Repeater$1.execute(IdeaTestRunner.java:38) ~[junit-rt.jar:na]
	at com.intellij.rt.execution.junit.TestsRepeater.repeat(TestsRepeater.java:11) ~[idea_rt.jar:na]
	at com.intellij.rt.junit.IdeaTestRunner$Repeater.startRunnerWithArgs(IdeaTestRunner.java:35) ~[junit-rt.jar:na]
	at com.intellij.rt.junit.JUnitStarter.prepareStreamsAndStart(JUnitStarter.java:232) ~[junit-rt.jar:na]
	at com.intellij.rt.junit.JUnitStarter.main(JUnitStarter.java:55) ~[junit-rt.jar:na]
Caused by: java.lang.NoClassDefFoundError: Could not initialize class org.apache.dubbo.config.spring.ServiceBean
	at java.base/jdk.internal.reflect.NativeConstructorAccessorImpl.newInstance0(Native Method) ~[na:na]
	at java.base/jdk.internal.reflect.NativeConstructorAccessorImpl.newInstance(NativeConstructorAccessorImpl.java:77) ~[na:na]
	at java.base/jdk.internal.reflect.DelegatingConstructorAccessorImpl.newInstance(DelegatingConstructorAccessorImpl.java:45) ~[na:na]
	at java.base/java.lang.reflect.Constructor.newInstanceWithCaller(Constructor.java:499) ~[na:na]
	at java.base/java.lang.reflect.Constructor.newInstance(Constructor.java:480) ~[na:na]
	at org.springframework.beans.BeanUtils.instantiateClass(BeanUtils.java:204) ~[spring-beans-5.2.6.RELEASE.jar:5.2.6.RELEASE]
	at org.springframework.beans.factory.support.SimpleInstantiationStrategy.instantiate(SimpleInstantiationStrategy.java:87) ~[spring-beans-5.2.6.RELEASE.jar:5.2.6.RELEASE]
	at org.springframework.beans.factory.support.AbstractAutowireCapableBeanFactory.instantiateBean(AbstractAutowireCapableBeanFactory.java:1312) ~[spring-beans-5.2.6.RELEASE.jar:5.2.6.RELEASE]
	... 43 common frames omitted
Caused by: java.lang.ExceptionInInitializerError: Exception java.lang.ExceptionInInitializerError [in thread "main"]
	at java.base/jdk.internal.reflect.NativeConstructorAccessorImpl.newInstance0(Native Method) ~[na:na]
	at java.base/jdk.internal.reflect.NativeConstructorAccessorImpl.newInstance(NativeConstructorAccessorImpl.java:77) ~[na:na]
	at java.base/jdk.internal.reflect.DelegatingConstructorAccessorImpl.newInstance(DelegatingConstructorAccessorImpl.java:45) ~[na:na]
	at java.base/java.lang.reflect.Constructor.newInstanceWithCaller(Constructor.java:499) ~[na:na]
	at java.base/java.lang.reflect.Constructor.newInstance(Constructor.java:480) ~[na:na]
	at org.springframework.beans.BeanUtils.instantiateClass(BeanUtils.java:204) ~[spring-beans-5.2.6.RELEASE.jar:5.2.6.RELEASE]
	at org.springframework.beans.factory.support.SimpleInstantiationStrategy.instantiate(SimpleInstantiationStrategy.java:87) ~[spring-beans-5.2.6.RELEASE.jar:5.2.6.RELEASE]
	at org.springframework.beans.factory.support.AbstractAutowireCapableBeanFactory.instantiateBean(AbstractAutowireCapableBeanFactory.java:1312) ~[spring-beans-5.2.6.RELEASE.jar:5.2.6.RELEASE]
	at org.springframework.beans.factory.support.AbstractAutowireCapableBeanFactory.createBeanInstance(AbstractAutowireCapableBeanFactory.java:1214) ~[spring-beans-5.2.6.RELEASE.jar:5.2.6.RELEASE]
	at org.springframework.beans.factory.support.AbstractAutowireCapableBeanFactory.doCreateBean(AbstractAutowireCapableBeanFactory.java:557) ~[spring-beans-5.2.6.RELEASE.jar:5.2.6.RELEASE]
	at org.springframework.beans.factory.support.AbstractAutowireCapableBeanFactory.createBean(AbstractAutowireCapableBeanFactory.java:517) ~[spring-beans-5.2.6.RELEASE.jar:5.2.6.RELEASE]
	at org.springframework.beans.factory.support.AbstractBeanFactory.lambda$doGetBean$0(AbstractBeanFactory.java:323) ~[spring-beans-5.2.6.RELEASE.jar:5.2.6.RELEASE]
	at org.springframework.beans.factory.support.DefaultSingletonBeanRegistry.getSingleton(DefaultSingletonBeanRegistry.java:226) ~[spring-beans-5.2.6.RELEASE.jar:5.2.6.RELEASE]
	at org.springframework.beans.factory.support.AbstractBeanFactory.doGetBean(AbstractBeanFactory.java:321) ~[spring-beans-5.2.6.RELEASE.jar:5.2.6.RELEASE]
	at org.springframework.beans.factory.support.AbstractBeanFactory.getBean(AbstractBeanFactory.java:202) ~[spring-beans-5.2.6.RELEASE.jar:5.2.6.RELEASE]
	at org.springframework.beans.factory.support.DefaultListableBeanFactory.preInstantiateSingletons(DefaultListableBeanFactory.java:895) ~[spring-beans-5.2.6.RELEASE.jar:5.2.6.RELEASE]
	at org.springframework.context.support.AbstractApplicationContext.finishBeanFactoryInitialization(AbstractApplicationContext.java:878) ~[spring-context-5.2.6.RELEASE.jar:5.2.6.RELEASE]
	at org.springframework.context.support.AbstractApplicationContext.refresh(AbstractApplicationContext.java:550) ~[spring-context-5.2.6.RELEASE.jar:5.2.6.RELEASE]
	at org.springframework.boot.SpringApplication.refresh(SpringApplication.java:758) ~[spring-boot-2.3.0.RELEASE.jar:2.3.0.RELEASE]
	at org.springframework.boot.SpringApplication.refresh(SpringApplication.java:750) ~[spring-boot-2.3.0.RELEASE.jar:2.3.0.RELEASE]
	at org.springframework.boot.SpringApplication.refreshContext(SpringApplication.java:397) ~[spring-boot-2.3.0.RELEASE.jar:2.3.0.RELEASE]
	at org.springframework.boot.SpringApplication.run(SpringApplication.java:315) ~[spring-boot-2.3.0.RELEASE.jar:2.3.0.RELEASE]
	at org.springframework.boot.test.context.SpringBootContextLoader.loadContext(SpringBootContextLoader.java:120) ~[spring-boot-test-2.3.0.RELEASE.jar:2.3.0.RELEASE]
	at org.springframework.test.context.cache.DefaultCacheAwareContextLoaderDelegate.loadContextInternal(DefaultCacheAwareContextLoaderDelegate.java:99) ~[spring-test-5.2.5.RELEASE.jar:5.2.5.RELEASE]
	at org.springframework.test.context.cache.DefaultCacheAwareContextLoaderDelegate.loadContext(DefaultCacheAwareContextLoaderDelegate.java:124) ~[spring-test-5.2.5.RELEASE.jar:5.2.5.RELEASE]
	at org.springframework.test.context.support.DefaultTestContext.getApplicationContext(DefaultTestContext.java:123) ~[spring-test-5.2.5.RELEASE.jar:5.2.5.RELEASE]
	at org.springframework.test.context.support.DependencyInjectionTestExecutionListener.injectDependencies(DependencyInjectionTestExecutionListener.java:118) ~[spring-test-5.2.5.RELEASE.jar:5.2.5.RELEASE]
	at org.springframework.test.context.support.DependencyInjectionTestExecutionListener.prepareTestInstance(DependencyInjectionTestExecutionListener.java:83) ~[spring-test-5.2.5.RELEASE.jar:5.2.5.RELEASE]
	at org.springframework.boot.test.autoconfigure.SpringBootDependencyInjectionTestExecutionListener.prepareTestInstance(SpringBootDependencyInjectionTestExecutionListener.java:43) ~[spring-boot-test-autoconfigure-2.3.0.RELEASE.jar:2.3.0.RELEASE]
	... 23 common frames omitted

2026-07-29 10:23:39.291 ERROR 18608 --- [main] o.s.test.context.TestContextManager      : Caught exception while allowing TestExecutionListener [org.springframework.boot.test.autoconfigure.SpringBootDependencyInjectionTestExecutionListener@1ca3b418] to prepare test instance [dubboImplTest.AiServiceTest@c430e6c]

java.lang.IllegalStateException: Failed to load ApplicationContext
	at org.springframework.test.context.cache.DefaultCacheAwareContextLoaderDelegate.loadContext(DefaultCacheAwareContextLoaderDelegate.java:132) ~[spring-test-5.2.5.RELEASE.jar:5.2.5.RELEASE]
	at org.springframework.test.context.support.DefaultTestContext.getApplicationContext(DefaultTestContext.java:123) ~[spring-test-5.2.5.RELEASE.jar:5.2.5.RELEASE]
	at org.springframework.test.context.support.DependencyInjectionTestExecutionListener.injectDependencies(DependencyInjectionTestExecutionListener.java:118) ~[spring-test-5.2.5.RELEASE.jar:5.2.5.RELEASE]
	at org.springframework.test.context.support.DependencyInjectionTestExecutionListener.prepareTestInstance(DependencyInjectionTestExecutionListener.java:83) ~[spring-test-5.2.5.RELEASE.jar:5.2.5.RELEASE]
	at org.springframework.boot.test.autoconfigure.SpringBootDependencyInjectionTestExecutionListener.prepareTestInstance(SpringBootDependencyInjectionTestExecutionListener.java:43) ~[spring-boot-test-autoconfigure-2.3.0.RELEASE.jar:2.3.0.RELEASE]
	at org.springframework.test.context.TestContextManager.prepareTestInstance(TestContextManager.java:244) ~[spring-test-5.2.5.RELEASE.jar:5.2.5.RELEASE]
	at org.springframework.test.context.junit4.SpringJUnit4ClassRunner.createTest(SpringJUnit4ClassRunner.java:227) ~[spring-test-5.2.5.RELEASE.jar:5.2.5.RELEASE]
	at org.springframework.test.context.junit4.SpringJUnit4ClassRunner$1.runReflectiveCall(SpringJUnit4ClassRunner.java:289) ~[spring-test-5.2.5.RELEASE.jar:5.2.5.RELEASE]
	at org.junit.internal.runners.model.ReflectiveCallable.run(ReflectiveCallable.java:12) ~[junit-4.12.jar:4.12]
	at org.springframework.test.context.junit4.SpringJUnit4ClassRunner.methodBlock(SpringJUnit4ClassRunner.java:291) ~[spring-test-5.2.5.RELEASE.jar:5.2.5.RELEASE]
	at org.springframework.test.context.junit4.SpringJUnit4ClassRunner.runChild(SpringJUnit4ClassRunner.java:246) ~[spring-test-5.2.5.RELEASE.jar:5.2.5.RELEASE]
	at org.springframework.test.context.junit4.SpringJUnit4ClassRunner.runChild(SpringJUnit4ClassRunner.java:97) ~[spring-test-5.2.5.RELEASE.jar:5.2.5.RELEASE]
	at org.junit.runners.ParentRunner$3.run(ParentRunner.java:290) ~[junit-4.12.jar:4.12]
	at org.junit.runners.ParentRunner$1.schedule(ParentRunner.java:71) ~[junit-4.12.jar:4.12]
	at org.junit.runners.ParentRunner.runChildren(ParentRunner.java:288) ~[junit-4.12.jar:4.12]
	at org.junit.runners.ParentRunner.access$000(ParentRunner.java:58) ~[junit-4.12.jar:4.12]
	at org.junit.runners.ParentRunner$2.evaluate(ParentRunner.java:268) ~[junit-4.12.jar:4.12]
	at org.springframework.test.context.junit4.statements.RunBeforeTestClassCallbacks.evaluate(RunBeforeTestClassCallbacks.java:61) ~[spring-test-5.2.5.RELEASE.jar:5.2.5.RELEASE]
	at org.springframework.test.context.junit4.statements.RunAfterTestClassCallbacks.evaluate(RunAfterTestClassCallbacks.java:70) ~[spring-test-5.2.5.RELEASE.jar:5.2.5.RELEASE]
	at org.junit.runners.ParentRunner.run(ParentRunner.java:363) ~[junit-4.12.jar:4.12]
	at org.springframework.test.context.junit4.SpringJUnit4ClassRunner.run(SpringJUnit4ClassRunner.java:190) ~[spring-test-5.2.5.RELEASE.jar:5.2.5.RELEASE]
	at org.junit.runner.JUnitCore.run(JUnitCore.java:137) ~[junit-4.12.jar:4.12]
	at com.intellij.junit4.JUnit4IdeaTestRunner.startRunnerWithArgs(JUnit4IdeaTestRunner.java:69) ~[junit-rt.jar:na]
	at com.intellij.rt.junit.IdeaTestRunner$Repeater$1.execute(IdeaTestRunner.java:38) ~[junit-rt.jar:na]
	at com.intellij.rt.execution.junit.TestsRepeater.repeat(TestsRepeater.java:11) ~[idea_rt.jar:na]
	at com.intellij.rt.junit.IdeaTestRunner$Repeater.startRunnerWithArgs(IdeaTestRunner.java:35) ~[junit-rt.jar:na]
	at com.intellij.rt.junit.JUnitStarter.prepareStreamsAndStart(JUnitStarter.java:232) ~[junit-rt.jar:na]
	at com.intellij.rt.junit.JUnitStarter.main(JUnitStarter.java:55) ~[junit-rt.jar:na]
Caused by: org.springframework.beans.factory.BeanCreationException: Error creating bean with name 'ServiceBean:service.AiService': Instantiation of bean failed; nested exception is java.lang.ExceptionInInitializerError
	at org.springframework.beans.factory.support.AbstractAutowireCapableBeanFactory.instantiateBean(AbstractAutowireCapableBeanFactory.java:1320) ~[spring-beans-5.2.6.RELEASE.jar:5.2.6.RELEASE]
	at org.springframework.beans.factory.support.AbstractAutowireCapableBeanFactory.createBeanInstance(AbstractAutowireCapableBeanFactory.java:1214) ~[spring-beans-5.2.6.RELEASE.jar:5.2.6.RELEASE]
	at org.springframework.beans.factory.support.AbstractAutowireCapableBeanFactory.doCreateBean(AbstractAutowireCapableBeanFactory.java:557) ~[spring-beans-5.2.6.RELEASE.jar:5.2.6.RELEASE]
	at org.springframework.beans.factory.support.AbstractAutowireCapableBeanFactory.createBean(AbstractAutowireCapableBeanFactory.java:517) ~[spring-beans-5.2.6.RELEASE.jar:5.2.6.RELEASE]
	at org.springframework.beans.factory.support.AbstractBeanFactory.lambda$doGetBean$0(AbstractBeanFactory.java:323) ~[spring-beans-5.2.6.RELEASE.jar:5.2.6.RELEASE]
	at org.springframework.beans.factory.support.DefaultSingletonBeanRegistry.getSingleton(DefaultSingletonBeanRegistry.java:226) ~[spring-beans-5.2.6.RELEASE.jar:5.2.6.RELEASE]
	at org.springframework.beans.factory.support.AbstractBeanFactory.doGetBean(AbstractBeanFactory.java:321) ~[spring-beans-5.2.6.RELEASE.jar:5.2.6.RELEASE]
	at org.springframework.beans.factory.support.AbstractBeanFactory.getBean(AbstractBeanFactory.java:202) ~[spring-beans-5.2.6.RELEASE.jar:5.2.6.RELEASE]
	at org.springframework.beans.factory.support.DefaultListableBeanFactory.preInstantiateSingletons(DefaultListableBeanFactory.java:895) ~[spring-beans-5.2.6.RELEASE.jar:5.2.6.RELEASE]
	at org.springframework.context.support.AbstractApplicationContext.finishBeanFactoryInitialization(AbstractApplicationContext.java:878) ~[spring-context-5.2.6.RELEASE.jar:5.2.6.RELEASE]
	at org.springframework.context.support.AbstractApplicationContext.refresh(AbstractApplicationContext.java:550) ~[spring-context-5.2.6.RELEASE.jar:5.2.6.RELEASE]
	at org.springframework.boot.SpringApplication.refresh(SpringApplication.java:758) ~[spring-boot-2.3.0.RELEASE.jar:2.3.0.RELEASE]
	at org.springframework.boot.SpringApplication.refresh(SpringApplication.java:750) ~[spring-boot-2.3.0.RELEASE.jar:2.3.0.RELEASE]
	at org.springframework.boot.SpringApplication.refreshContext(SpringApplication.java:397) ~[spring-boot-2.3.0.RELEASE.jar:2.3.0.RELEASE]
	at org.springframework.boot.SpringApplication.run(SpringApplication.java:315) ~[spring-boot-2.3.0.RELEASE.jar:2.3.0.RELEASE]
	at org.springframework.boot.test.context.SpringBootContextLoader.loadContext(SpringBootContextLoader.java:120) ~[spring-boot-test-2.3.0.RELEASE.jar:2.3.0.RELEASE]
	at org.springframework.test.context.cache.DefaultCacheAwareContextLoaderDelegate.loadContextInternal(DefaultCacheAwareContextLoaderDelegate.java:99) ~[spring-test-5.2.5.RELEASE.jar:5.2.5.RELEASE]
	at org.springframework.test.context.cache.DefaultCacheAwareContextLoaderDelegate.loadContext(DefaultCacheAwareContextLoaderDelegate.java:124) ~[spring-test-5.2.5.RELEASE.jar:5.2.5.RELEASE]
	... 27 common frames omitted
Caused by: java.lang.ExceptionInInitializerError: null
	at java.base/jdk.internal.reflect.NativeConstructorAccessorImpl.newInstance0(Native Method) ~[na:na]
	at java.base/jdk.internal.reflect.NativeConstructorAccessorImpl.newInstance(NativeConstructorAccessorImpl.java:77) ~[na:na]
	at java.base/jdk.internal.reflect.DelegatingConstructorAccessorImpl.newInstance(DelegatingConstructorAccessorImpl.java:45) ~[na:na]
	at java.base/java.lang.reflect.Constructor.newInstanceWithCaller(Constructor.java:499) ~[na:na]
	at java.base/java.lang.reflect.Constructor.newInstance(Constructor.java:480) ~[na:na]
	at org.springframework.beans.BeanUtils.instantiateClass(BeanUtils.java:204) ~[spring-beans-5.2.6.RELEASE.jar:5.2.6.RELEASE]
	at org.springframework.beans.factory.support.SimpleInstantiationStrategy.instantiate(SimpleInstantiationStrategy.java:87) ~[spring-beans-5.2.6.RELEASE.jar:5.2.6.RELEASE]
	at org.springframework.beans.factory.support.AbstractAutowireCapableBeanFactory.instantiateBean(AbstractAutowireCapableBeanFactory.java:1312) ~[spring-beans-5.2.6.RELEASE.jar:5.2.6.RELEASE]
	... 44 common frames omitted
Caused by: java.lang.IllegalStateException: Failed to create adaptive instance: java.lang.IllegalStateException: Can't create adaptive extension interface org.apache.dubbo.rpc.Protocol, cause: Unable to make protected final java.lang.Class java.lang.ClassLoader.defineClass(java.lang.String,byte[],int,int,java.security.ProtectionDomain) throws java.lang.ClassFormatError accessible: module java.base does not "opens java.lang" to unnamed module @61ca4046
	at org.apache.dubbo.common.extension.ExtensionLoader.getAdaptiveExtension(ExtensionLoader.java:486) ~[dubbo-2.7.3.jar:2.7.3]
	at org.apache.dubbo.config.ServiceConfig.<clinit>(ServiceConfig.java:119) ~[dubbo-2.7.3.jar:2.7.3]
	... 52 common frames omitted
Caused by: java.lang.IllegalStateException: Can't create adaptive extension interface org.apache.dubbo.rpc.Protocol, cause: Unable to make protected final java.lang.Class java.lang.ClassLoader.defineClass(java.lang.String,byte[],int,int,java.security.ProtectionDomain) throws java.lang.ClassFormatError accessible: module java.base does not "opens java.lang" to unnamed module @61ca4046
	at org.apache.dubbo.common.extension.ExtensionLoader.createAdaptiveExtension(ExtensionLoader.java:847) ~[dubbo-2.7.3.jar:2.7.3]
	at org.apache.dubbo.common.extension.ExtensionLoader.getAdaptiveExtension(ExtensionLoader.java:482) ~[dubbo-2.7.3.jar:2.7.3]
	... 53 common frames omitted
Caused by: java.lang.reflect.InaccessibleObjectException: Unable to make protected final java.lang.Class java.lang.ClassLoader.defineClass(java.lang.String,byte[],int,int,java.security.ProtectionDomain) throws java.lang.ClassFormatError accessible: module java.base does not "opens java.lang" to unnamed module @61ca4046
	at java.base/java.lang.reflect.AccessibleObject.checkCanSetAccessible(AccessibleObject.java:354) ~[na:na]
	at java.base/java.lang.reflect.AccessibleObject.checkCanSetAccessible(AccessibleObject.java:297) ~[na:na]
	at java.base/java.lang.reflect.Method.checkCanSetAccessible(Method.java:199) ~[na:na]
	at java.base/java.lang.reflect.Method.setAccessible(Method.java:193) ~[na:na]
	at javassist.ClassPool.toClass2(ClassPool.java:1181) ~[javassist-3.20.0-GA.jar:na]
	at javassist.ClassPool.toClass(ClassPool.java:1164) ~[javassist-3.20.0-GA.jar:na]
	at javassist.CtClass.toClass(CtClass.java:1305) ~[javassist-3.20.0-GA.jar:na]
	at org.apache.dubbo.common.compiler.support.JavassistCompiler.doCompile(JavassistCompiler.java:82) ~[dubbo-2.7.3.jar:2.7.3]
	at org.apache.dubbo.common.compiler.support.AbstractCompiler.compile(AbstractCompiler.java:58) ~[dubbo-2.7.3.jar:2.7.3]
	at org.apache.dubbo.common.compiler.support.AdaptiveCompiler.compile(AdaptiveCompiler.java:45) ~[dubbo-2.7.3.jar:2.7.3]
	at org.apache.dubbo.common.extension.ExtensionLoader.createAdaptiveExtensionClass(ExtensionLoader.java:863) ~[dubbo-2.7.3.jar:2.7.3]
	at org.apache.dubbo.common.extension.ExtensionLoader.getAdaptiveExtensionClass(ExtensionLoader.java:856) ~[dubbo-2.7.3.jar:2.7.3]
	at org.apache.dubbo.common.extension.ExtensionLoader.createAdaptiveExtension(ExtensionLoader.java:845) ~[dubbo-2.7.3.jar:2.7.3]
	... 54 common frames omitted

